{
    "parent": "item/generated",
    "textures": {
        "layer0": "item/compass_16"
    },
    "overrides": [
        { "predicate": {"custom_model_data": 0, "angle": 0.000000 }, "model": "item/compass" },
        { "predicate": {"custom_model_data": 0, "angle": 0.015625 }, "model": "item/compass_17" },
        { "predicate": {"custom_model_data": 0, "angle": 0.046875 }, "model": "item/compass_18" },
        { "predicate": {"custom_model_data": 0, "angle": 0.078125 }, "model": "item/compass_19" },
        { "predicate": {"custom_model_data": 0, "angle": 0.109375 }, "model": "item/compass_20" },
        { "predicate": {"custom_model_data": 0, "angle": 0.140625 }, "model": "item/compass_21" },
        { "predicate": {"custom_model_data": 0, "angle": 0.171875 }, "model": "item/compass_22" },
        { "predicate": {"custom_model_data": 0, "angle": 0.203125 }, "model": "item/compass_23" },
        { "predicate": {"custom_model_data": 0, "angle": 0.234375 }, "model": "item/compass_24" },
        { "predicate": {"custom_model_data": 0, "angle": 0.265625 }, "model": "item/compass_25" },
        { "predicate": {"custom_model_data": 0, "angle": 0.296875 }, "model": "item/compass_26" },
        { "predicate": {"custom_model_data": 0, "angle": 0.328125 }, "model": "item/compass_27" },
        { "predicate": {"custom_model_data": 0, "angle": 0.359375 }, "model": "item/compass_28" },
        { "predicate": {"custom_model_data": 0, "angle": 0.390625 }, "model": "item/compass_29" },
        { "predicate": {"custom_model_data": 0, "angle": 0.421875 }, "model": "item/compass_30" },
        { "predicate": {"custom_model_data": 0, "angle": 0.453125 }, "model": "item/compass_31" },
        { "predicate": {"custom_model_data": 0, "angle": 0.484375 }, "model": "item/compass_00" },
        { "predicate": {"custom_model_data": 0, "angle": 0.515625 }, "model": "item/compass_01" },
        { "predicate": {"custom_model_data": 0, "angle": 0.546875 }, "model": "item/compass_02" },
        { "predicate": {"custom_model_data": 0, "angle": 0.578125 }, "model": "item/compass_03" },
        { "predicate": {"custom_model_data": 0, "angle": 0.609375 }, "model": "item/compass_04" },
        { "predicate": {"custom_model_data": 0, "angle": 0.640625 }, "model": "item/compass_05" },
        { "predicate": {"custom_model_data": 0, "angle": 0.671875 }, "model": "item/compass_06" },
        { "predicate": {"custom_model_data": 0, "angle": 0.703125 }, "model": "item/compass_07" },
        { "predicate": {"custom_model_data": 0, "angle": 0.734375 }, "model": "item/compass_08" },
        { "predicate": {"custom_model_data": 0, "angle": 0.765625 }, "model": "item/compass_09" },
        { "predicate": {"custom_model_data": 0, "angle": 0.796875 }, "model": "item/compass_10" },
        { "predicate": {"custom_model_data": 0, "angle": 0.828125 }, "model": "item/compass_11" },
        { "predicate": {"custom_model_data": 0, "angle": 0.859375 }, "model": "item/compass_12" },
        { "predicate": {"custom_model_data": 0, "angle": 0.890625 }, "model": "item/compass_13" },
        { "predicate": {"custom_model_data": 0, "angle": 0.921875 }, "model": "item/compass_14" },
        { "predicate": {"custom_model_data": 0, "angle": 0.953125 }, "model": "item/compass_15" },
        { "predicate": {"custom_model_data": 0, "angle": 0.984375 }, "model": "item/compass" },

        { "predicate": {"custom_model_data": 23, "angle": 0.000000 }, "model": "item/custom/divine_tracker/divine_tracker" },
        { "predicate": {"custom_model_data": 23, "angle": 0.015625 }, "model": "item/custom/divine_tracker/divine_tracker_17" },
        { "predicate": {"custom_model_data": 23, "angle": 0.046875 }, "model": "item/custom/divine_tracker/divine_tracker_18" },
        { "predicate": {"custom_model_data": 23, "angle": 0.078125 }, "model": "item/custom/divine_tracker/divine_tracker_19" },
        { "predicate": {"custom_model_data": 23, "angle": 0.109375 }, "model": "item/custom/divine_tracker/divine_tracker_20" },
        { "predicate": {"custom_model_data": 23, "angle": 0.140625 }, "model": "item/custom/divine_tracker/divine_tracker_21" },
        { "predicate": {"custom_model_data": 23, "angle": 0.171875 }, "model": "item/custom/divine_tracker/divine_tracker_22" },
        { "predicate": {"custom_model_data": 23, "angle": 0.203125 }, "model": "item/custom/divine_tracker/divine_tracker_23" },
        { "predicate": {"custom_model_data": 23, "angle": 0.234375 }, "model": "item/custom/divine_tracker/divine_tracker_24" },
        { "predicate": {"custom_model_data": 23, "angle": 0.265625 }, "model": "item/custom/divine_tracker/divine_tracker_25" },
        { "predicate": {"custom_model_data": 23, "angle": 0.296875 }, "model": "item/custom/divine_tracker/divine_tracker_26" },
        { "predicate": {"custom_model_data": 23, "angle": 0.328125 }, "model": "item/custom/divine_tracker/divine_tracker_27" },
        { "predicate": {"custom_model_data": 23, "angle": 0.359375 }, "model": "item/custom/divine_tracker/divine_tracker_28" },
        { "predicate": {"custom_model_data": 23, "angle": 0.390625 }, "model": "item/custom/divine_tracker/divine_tracker_29" },
        { "predicate": {"custom_model_data": 23, "angle": 0.421875 }, "model": "item/custom/divine_tracker/divine_tracker_30" },
        { "predicate": {"custom_model_data": 23, "angle": 0.453125 }, "model": "item/custom/divine_tracker/divine_tracker_31" },
        { "predicate": {"custom_model_data": 23, "angle": 0.484375 }, "model": "item/custom/divine_tracker/divine_tracker_00" },
        { "predicate": {"custom_model_data": 23, "angle": 0.515625 }, "model": "item/custom/divine_tracker/divine_tracker_01" },
        { "predicate": {"custom_model_data": 23, "angle": 0.546875 }, "model": "item/custom/divine_tracker/divine_tracker_02" },
        { "predicate": {"custom_model_data": 23, "angle": 0.578125 }, "model": "item/custom/divine_tracker/divine_tracker_03" },
        { "predicate": {"custom_model_data": 23, "angle": 0.609375 }, "model": "item/custom/divine_tracker/divine_tracker_04" },
        { "predicate": {"custom_model_data": 23, "angle": 0.640625 }, "model": "item/custom/divine_tracker/divine_tracker_05" },
        { "predicate": {"custom_model_data": 23, "angle": 0.671875 }, "model": "item/custom/divine_tracker/divine_tracker_06" },
        { "predicate": {"custom_model_data": 23, "angle": 0.703125 }, "model": "item/custom/divine_tracker/divine_tracker_07" },
        { "predicate": {"custom_model_data": 23, "angle": 0.734375 }, "model": "item/custom/divine_tracker/divine_tracker_08" },
        { "predicate": {"custom_model_data": 23, "angle": 0.765625 }, "model": "item/custom/divine_tracker/divine_tracker_09" },
        { "predicate": {"custom_model_data": 23, "angle": 0.796875 }, "model": "item/custom/divine_tracker/divine_tracker_10" },
        { "predicate": {"custom_model_data": 23, "angle": 0.828125 }, "model": "item/custom/divine_tracker/divine_tracker_11" },
        { "predicate": {"custom_model_data": 23, "angle": 0.859375 }, "model": "item/custom/divine_tracker/divine_tracker_12" },
        { "predicate": {"custom_model_data": 23, "angle": 0.890625 }, "model": "item/custom/divine_tracker/divine_tracker_13" },
        { "predicate": {"custom_model_data": 23, "angle": 0.921875 }, "model": "item/custom/divine_tracker/divine_tracker_14" },
        { "predicate": {"custom_model_data": 23, "angle": 0.953125 }, "model": "item/custom/divine_tracker/divine_tracker_15" },
        { "predicate": {"custom_model_data": 23, "angle": 0.984375 }, "model": "item/custom/divine_tracker/divine_tracker" }
    ]
}

//Textured by Ichabodt
