{
    "parent": "item/generated",
    "textures": {
        "layer0": "item/phantom_membrane"
    },
    

    
    "overrides": [
    {"predicate": {"custom_model_data":1}, "model": "item/custom/zeus_lightning"},
    {"predicate": {"custom_model_data":2}, "model": "item/custom/hades_scepter"},
    {"predicate": {"custom_model_data":3}, "model": "item/custom/aphrodite_heart"},
    {"predicate": {"custom_model_data":4}, "model": "item/custom/demeter_sickle"},
	{"predicate": {"custom_model_data":5}, "model": "item/custom/dionysos_cup"},
	{"predicate": {"custom_model_data":7}, "model": "item/custom/divine_fragment"},
	{"predicate": {"custom_model_data":8}, "model": "item/custom/divine_heart"},
	{"predicate": {"custom_model_data":20}, "model": "item/custom/minotaur_charge"},
	{"predicate": {"custom_model_data":22}, "model": "item/custom/hermes_truc"}
	{"predicate": {"custom_model_data":25}, "model": "item/custom/dionysos_beer"},
    ]
}

//Textured by Ichabodt