{
	"credit": "Made with Blockbench",
	"texture_size": [16, 8],
	"textures": {
	"0": "minecraft:item/minotaur_head",
	"particle": "minecraft:item/minotaur_head"
	},
	"elements": [
		{
			"from": [0, 0, 0],
			"to": [16, 16, 16],
			"faces": {
				"north": {"uv": [2, 4, 4, 8], "texture": "#0"},
				"east": {"uv": [0, 4, 2, 8], "texture": "#0"},
				"south": {"uv": [6, 4, 8, 8], "texture": "#0"},
				"west": {"uv": [4, 4, 6, 8], "texture": "#0"},
				"up": {"uv": [2, 0, 4, 4], "texture": "#0"},
				"down": {"uv": [4, 0, 6, 4], "texture": "#0"}
			}
		},
		{
			"from": [1, 1, 16],
			"to": [15, 15, 17],
			"faces": {
				"north": {"uv": [0, 0, 14, 28], "texture": "#missing"},
				"east": {"uv": [7.75, 4.25, 7.875, 7.75], "texture": "#0"},
				"south": {"uv": [6.125, 4.25, 7.875, 7.75], "texture": "#0"},
				"west": {"uv": [6.125, 4.25, 6.25, 7.75], "texture": "#0"},
				"up": {"uv": [6.125, 4.25, 7.875, 4.5], "texture": "#0"},
				"down": {"uv": [6.125, 7.5, 7.875, 7.75], "texture": "#0"}
			}
		},
		{
			"from": [1, 16, 5],
			"to": [15, 17, 13],
			"faces": {
				"north": {"uv": [2.125, 1, 3.875, 1.25], "texture": "#0"},
				"east": {"uv": [3.75, 1.25, 3.875, 3.25], "rotation": 270, "texture": "#0"},
				"south": {"uv": [2.125, 3, 3.875, 3.25], "texture": "#0"},
				"west": {"uv": [2.125, 1.25, 2.25, 3.25], "rotation": 90, "texture": "#0"},
				"up": {"uv": [2.125, 1.25, 3.875, 3.25], "texture": "#0"},
				"down": {"uv": [0, 0, 4, 10], "texture": "#missing"}
			}
		},
		{
			"from": [3.5, 5, -4],
			"to": [12.5, 11, 6],
			"rotation": {"angle": -22.5, "axis": "x", "origin": [0, 0, 0]},
			"faces": {
				"north": {"uv": [2.5, 7.25, 3.5, 7.5], "texture": "#0"},
				"east": {"uv": [2.625, 5, 3.375, 7.5], "rotation": 270, "texture": "#0"},
				"south": {"uv": [0, 0, 10, 12], "texture": "#missing"},
				"west": {"uv": [2.625, 5, 3.375, 7.5], "rotation": 90, "texture": "#0"},
				"up": {"uv": [2.5, 5, 3.5, 7.5], "rotation": 180, "texture": "#0"},
				"down": {"uv": [0, 0, 10, 26], "texture": "#missing"}
			}
		},
		{
			"from": [5, 10, -6],
			"to": [11, 12, 5],
			"rotation": {"angle": -22.5, "axis": "x", "origin": [0, 0, 0]},
			"faces": {
				"north": {"uv": [0, 0, 8, 4], "rotation": 180, "texture": "#missing"},
				"east": {"uv": [10.5, 2.5, 10.625, 5.25], "rotation": 270, "texture": "#0"},
				"south": {"uv": [0, 0, 8, 4], "texture": "#missing"},
				"west": {"uv": [11.125, 2.5, 11.25, 5.25], "rotation": 90, "texture": "#0"},
				"up": {"uv": [10.5, 2.5, 11.25, 5.25], "rotation": 180, "texture": "#0"},
				"down": {"uv": [0, 0, 8, 12], "texture": "#missing"}
			}
		},
		{
			"from": [6, 9, 4],
			"to": [10, 10, 10],
			"rotation": {"angle": -45, "axis": "x", "origin": [0, 0, 0]},
			"faces": {
				"north": {"uv": [0, 0, 4, 2], "texture": "#missing"},
				"east": {"uv": [10.625, 2.25, 10.75, 3.75], "rotation": 270, "texture": "#0"},
				"south": {"uv": [0, 0, 4, 2], "texture": "#missing"},
				"west": {"uv": [11, 2.25, 11.125, 3.75], "rotation": 90, "texture": "#0"},
				"up": {"uv": [10.625, 2.25, 11.125, 3.75], "rotation": 180, "texture": "#0"},
				"down": {"uv": [0, 0, 4, 12], "texture": "#missing"}
			}
		},
		{
			"from": [1, 1, -7],
			"to": [4, 9, 0],
			"rotation": {"angle": -22.5, "axis": "y", "origin": [0, 0, 0]},
			"faces": {
				"north": {"uv": [0, 0, 3, 16], "texture": "#missing"},
				"east": {"uv": [0, 0, 8, 16], "texture": "#missing"},
				"south": {"uv": [0, 0, 3, 16], "texture": "#missing"},
				"west": {"uv": [12.125, 5.75, 13.125, 7.75], "texture": "#0"},
				"up": {"uv": [12.125, 5.75, 13.125, 6.5], "rotation": 270, "texture": "#0"},
				"down": {"uv": [14.875, 6.75, 15, 8], "texture": "#0"}
			}
		},
		{
			"from": [12, 1, -7],
			"to": [15, 9, 0],
			"rotation": {"angle": 22.5, "axis": "y", "origin": [16, 0, 0]},
			"faces": {
				"north": {"uv": [0, 0, 3, 16], "texture": "#missing"},
				"east": {"uv": [8.625, 5.75, 9.625, 7.75], "texture": "#0"},
				"south": {"uv": [0, 0, 3, 16], "texture": "#missing"},
				"west": {"uv": [0, 0, 8, 16], "texture": "#missing"},
				"up": {"uv": [8.625, 5.75, 9.625, 6.5], "rotation": 90, "texture": "#0"},
				"down": {"uv": [13.75, 6.75, 13.875, 8], "texture": "#0"}
			}
		},
		{
			"from": [4, 6, -12],
			"to": [12, 9, -7],
			"faces": {
				"north": {"uv": [10.375, 5.75, 11.375, 6.5], "texture": "#0"},
				"east": {"uv": [9.875, 5.75, 10.5, 6.5], "texture": "#0"},
				"south": {"uv": [0, 0, 10, 16], "texture": "#missing"},
				"west": {"uv": [11.25, 5.75, 11.875, 6.5], "texture": "#0"},
				"up": {"uv": [11.375, 4.75, 10.375, 6], "rotation": 180, "texture": "#0"},
				"down": {"uv": [10.375, 6.25, 11.375, 7.5], "rotation": 180, "texture": "#0"}
			}
		},
		{
			"from": [3, 1, -11],
			"to": [13, 4, 0],
			"faces": {
				"north": {"uv": [10.25, 7, 11.5, 7.75], "texture": "#0"},
				"east": {"uv": [8.875, 7, 10.25, 7.75], "texture": "#0"},
				"south": {"uv": [0, 0, 10, 16], "texture": "#missing"},
				"west": {"uv": [11.5, 7, 12.875, 7.75], "texture": "#0"},
				"up": {"uv": [10.25, 7, 11.5, 7.25], "texture": "#0"},
				"down": {"uv": [13.75, 5.25, 15, 8], "rotation": 180, "texture": "#0"}
			}
		},
		{
			"from": [6, 3, -12],
			"to": [10, 6, -10],
			"faces": {
				"north": {"uv": [10.625, 6.5, 11.125, 7.25], "texture": "#0"},
				"east": {"uv": [10.5, 6.5, 10.75, 7.25], "texture": "#0"},
				"south": {"uv": [0, 0, 10, 16], "texture": "#missing"},
				"west": {"uv": [11, 6.5, 11.25, 7.25], "texture": "#0"},
				"up": {"uv": [0, 0, 10, 22], "texture": "#missing"},
				"down": {"uv": [10.625, 7, 11.125, 7.25], "texture": "#0"}
			}
		},
		{
			"from": [3, 4, -11],
			"to": [4, 8, 0],
			"faces": {
				"north": {"uv": [11.375, 6, 11.5, 7], "texture": "#0"},
				"east": {"uv": [11.25, 6.5, 11.375, 7], "texture": "#0"},
				"south": {"uv": [0, 0, 10, 16], "texture": "#missing"},
				"west": {"uv": [11.5, 6, 12.875, 7], "texture": "#0"},
				"up": {"uv": [11.5, 6.25, 12.875, 6.5], "rotation": 90, "texture": "#0"},
				"down": {"uv": [0, 0, 10, 22], "texture": "#missing"}
			}
		},
		{
			"from": [12, 4, -11],
			"to": [13, 8, 0],
			"faces": {
				"north": {"uv": [10.25, 6, 10.375, 7], "texture": "#0"},
				"east": {"uv": [8.875, 6, 10.25, 7], "texture": "#0"},
				"south": {"uv": [0, 0, 10, 16], "texture": "#missing"},
				"west": {"uv": [10.375, 6.5, 10.5, 7], "texture": "#0"},
				"up": {"uv": [8.875, 6.25, 10.25, 6.5], "rotation": 270, "texture": "#0"},
				"down": {"uv": [0, 0, 10, 22], "texture": "#missing"}
			}
		},
		{
			"from": [4, 0, -10],
			"to": [12, 6, 0],
			"faces": {
				"north": {"uv": [10.375, 6.5, 11.375, 8], "texture": "#0"},
				"east": {"uv": [9.125, 7.75, 10.375, 8], "texture": "#0"},
				"south": {"uv": [0, 0, 8, 2], "texture": "#missing"},
				"west": {"uv": [11.375, 7.75, 12.625, 8], "texture": "#0"},
				"up": {"uv": [0, 0, 8, 20], "texture": "#missing"},
				"down": {"uv": [13.875, 5.5, 14.875, 8], "rotation": 180, "texture": "#0"}
			}
		},
		{
			"from": [1, 25, -7],
			"to": [3, 28, -5],
			"faces": {
				"north": {"uv": [8, 13, 8.25, 13.75], "texture": "#0"},
				"east": {"uv": [8, 13, 8.25, 13.75], "texture": "#0"},
				"south": {"uv": [8, 13, 8.25, 13.75], "texture": "#0"},
				"west": {"uv": [8, 13, 8.25, 13.75], "texture": "#0"},
				"up": {"uv": [8, 13, 8.25, 13.5], "texture": "#0"},
				"down": {"uv": [8, 13, 8.25, 13.5], "texture": "#0"}
			}
		},
		{
			"from": [-1, 23, -6],
			"to": [2, 26, -2],
			"faces": {
				"north": {"uv": [8.625, 13, 9, 13.75], "texture": "#0"},
				"east": {"uv": [8.5, 13, 9, 13.75], "texture": "#0"},
				"south": {"uv": [8.625, 13, 9, 13.75], "texture": "#0"},
				"west": {"uv": [8.5, 13, 9, 13.75], "texture": "#0"},
				"up": {"uv": [8.75, 13, 9, 13.75], "texture": "#0"},
				"down": {"uv": [8.75, 13, 9, 13.75], "texture": "#0"}
			}
		},
		{
			"from": [-3, 22, -4],
			"to": [1, 25, 0],
			"faces": {
				"north": {"uv": [9.25, 13, 9.75, 13.75], "texture": "#0"},
				"east": {"uv": [9.25, 13, 9.75, 13.75], "texture": "#0"},
				"south": {"uv": [9.25, 13, 9.75, 13.75], "texture": "#0"},
				"west": {"uv": [9.25, 13, 9.75, 13.75], "texture": "#0"},
				"up": {"uv": [9.25, 13, 9.75, 14], "texture": "#0"},
				"down": {"uv": [9.25, 13, 9.75, 14], "texture": "#0"}
			}
		},
		{
			"from": [-5, 20, -2],
			"to": [-1, 24, 2],
			"faces": {
				"north": {"uv": [10, 13, 10.5, 14], "texture": "#0"},
				"east": {"uv": [10, 13, 10.5, 14], "texture": "#0"},
				"south": {"uv": [10, 13, 10.5, 14], "texture": "#0"},
				"west": {"uv": [10, 13, 10.5, 14], "texture": "#0"},
				"up": {"uv": [10, 13, 10.5, 14], "texture": "#0"},
				"down": {"uv": [10, 13, 10.5, 14], "texture": "#0"}
			}
		},
		{
			"from": [-6, 18, -1],
			"to": [-2, 22, 4],
			"faces": {
				"north": {"uv": [10.75, 13, 11.25, 14], "texture": "#0"},
				"east": {"uv": [10.625, 13, 11.25, 14], "texture": "#0"},
				"south": {"uv": [10.75, 13, 11.25, 14], "texture": "#0"},
				"west": {"uv": [10.625, 13, 11.25, 14], "texture": "#0"},
				"up": {"uv": [10.75, 13, 11.25, 14.25], "texture": "#0"},
				"down": {"uv": [10.75, 13, 11.25, 14.25], "texture": "#0"}
			}
		},
		{
			"from": [-5, 16, 1],
			"to": [-1, 20, 6],
			"faces": {
				"north": {"uv": [11.5, 13, 12, 14], "texture": "#0"},
				"east": {"uv": [11.375, 13, 12, 14], "texture": "#0"},
				"south": {"uv": [11.5, 13, 12, 14], "texture": "#0"},
				"west": {"uv": [11.375, 13, 12, 14], "texture": "#0"},
				"up": {"uv": [11.5, 13, 12, 14.25], "texture": "#0"},
				"down": {"uv": [11.5, 13, 12, 14.25], "texture": "#0"}
			}
		},
		{
			"from": [-4, 14, 3],
			"to": [1, 19, 9],
			"faces": {
				"north": {"uv": [12.125, 13, 12.75, 14.25], "texture": "#0"},
				"east": {"uv": [12, 13, 12.75, 14.25], "texture": "#0"},
				"south": {"uv": [12.125, 13, 12.75, 14.25], "texture": "#0"},
				"west": {"uv": [12, 13, 12.75, 14.25], "texture": "#0"},
				"up": {"uv": [12.125, 13, 12.75, 14.5], "texture": "#0"},
				"down": {"uv": [12.125, 13, 12.75, 14.5], "texture": "#0"}
			}
		},
		{
			"from": [-2, 12, 6],
			"to": [4, 18, 12],
			"faces": {
				"north": {"uv": [12.75, 13, 13.5, 14.5], "texture": "#0"},
				"east": {"uv": [12.75, 13, 13.5, 14.5], "texture": "#0"},
				"south": {"uv": [12.75, 13, 13.5, 14.5], "texture": "#0"},
				"west": {"uv": [12.75, 13, 13.5, 14.5], "texture": "#0"},
				"up": {"uv": [12.75, 13, 13.5, 14.5], "texture": "#0"},
				"down": {"uv": [12.75, 13, 13.5, 14.5], "texture": "#0"}
			}
		},
		{
			"from": [13, 25, -7],
			"to": [15, 28, -5],
			"faces": {
				"north": {"uv": [12.75, 11.25, 13, 12], "texture": "#0"},
				"east": {"uv": [12.75, 11.25, 13, 12], "texture": "#0"},
				"south": {"uv": [12.75, 11.25, 13, 12], "texture": "#0"},
				"west": {"uv": [12.75, 11.25, 13, 12], "texture": "#0"},
				"up": {"uv": [12.75, 11.25, 13, 11.75], "texture": "#0"},
				"down": {"uv": [12.75, 11.25, 13, 11.75], "texture": "#0"}
			}
		},
		{
			"from": [14, 23, -6],
			"to": [17, 26, -2],
			"faces": {
				"north": {"uv": [12, 11.25, 12.375, 12], "texture": "#0"},
				"east": {"uv": [12, 11.25, 12.5, 12], "texture": "#0"},
				"south": {"uv": [12, 11.25, 12.375, 12], "texture": "#0"},
				"west": {"uv": [12, 11.25, 12.5, 12], "texture": "#0"},
				"up": {"uv": [12, 11.25, 12.375, 12.25], "texture": "#0"},
				"down": {"uv": [12, 11.25, 12.375, 12.25], "texture": "#0"}
			}
		},
		{
			"from": [15, 22, -4],
			"to": [19, 25, 0],
			"faces": {
				"north": {"uv": [11.25, 11.25, 11.75, 12], "texture": "#0"},
				"east": {"uv": [11.25, 11.25, 11.75, 12], "texture": "#0"},
				"south": {"uv": [11.25, 11.25, 11.75, 12], "texture": "#0"},
				"west": {"uv": [11.25, 11.25, 11.75, 12], "texture": "#0"},
				"up": {"uv": [11.25, 11.25, 11.75, 12.25], "texture": "#0"},
				"down": {"uv": [11.25, 11.25, 11.75, 12.25], "texture": "#0"}
			}
		},
		{
			"from": [17, 20, -2],
			"to": [21, 24, 2],
			"faces": {
				"north": {"uv": [10.5, 11.25, 11, 12.25], "texture": "#0"},
				"east": {"uv": [10.5, 11.25, 11, 12.25], "texture": "#0"},
				"south": {"uv": [10.5, 11.25, 11, 12.25], "texture": "#0"},
				"west": {"uv": [10.5, 11.25, 11, 12.25], "texture": "#0"},
				"up": {"uv": [10.5, 11.25, 11, 12.25], "texture": "#0"},
				"down": {"uv": [10.5, 11.25, 11, 12.25], "texture": "#0"}
			}
		},
		{
			"from": [18, 18, -1],
			"to": [22, 22, 4],
			"faces": {
				"north": {"uv": [9.75, 11.25, 10.25, 12.25], "texture": "#0"},
				"east": {"uv": [9.75, 11.25, 10.375, 12.25], "texture": "#0"},
				"south": {"uv": [9.75, 11.25, 10.25, 12.25], "texture": "#0"},
				"west": {"uv": [9.75, 11.25, 10.375, 12.25], "texture": "#0"},
				"up": {"uv": [9.75, 11.25, 10.25, 12.5], "texture": "#0"},
				"down": {"uv": [9.75, 11.25, 10.25, 12.5], "texture": "#0"}
			}
		},
		{
			"from": [17, 16, 1],
			"to": [21, 20, 6],
			"faces": {
				"north": {"uv": [9, 11.25, 9.5, 12.25], "texture": "#0"},
				"east": {"uv": [9, 11.25, 9.625, 12.25], "texture": "#0"},
				"south": {"uv": [9, 11.25, 9.5, 12.25], "texture": "#0"},
				"west": {"uv": [9, 11.25, 9.625, 12.25], "texture": "#0"},
				"up": {"uv": [9, 11.25, 9.5, 12.5], "texture": "#0"},
				"down": {"uv": [9, 11.25, 9.5, 12.5], "texture": "#0"}
			}
		},
		{
			"from": [15, 14, 3],
			"to": [20, 19, 9],
			"faces": {
				"north": {"uv": [8.25, 11.25, 8.875, 12.5], "texture": "#0"},
				"east": {"uv": [8.25, 11.25, 9, 12.5], "texture": "#0"},
				"south": {"uv": [8.25, 11.25, 8.875, 12.5], "texture": "#0"},
				"west": {"uv": [8.25, 11.25, 9, 12.5], "texture": "#0"},
				"up": {"uv": [8.25, 11.25, 8.875, 12.75], "texture": "#0"},
				"down": {"uv": [8.25, 11.25, 8.875, 12.75], "texture": "#0"}
			}
		},
		{
			"from": [12, 12, 6],
			"to": [18, 18, 12],
			"faces": {
				"north": {"uv": [7.5, 11.25, 8.25, 12.75], "texture": "#0"},
				"east": {"uv": [7.5, 11.25, 8.25, 12.75], "texture": "#0"},
				"south": {"uv": [7.5, 11.25, 8.25, 12.75], "texture": "#0"},
				"west": {"uv": [7.5, 11.25, 8.25, 12.75], "texture": "#0"},
				"up": {"uv": [7.5, 11.25, 8.25, 12.75], "texture": "#0"},
				"down": {"uv": [7.5, 11.25, 8.25, 12.75], "texture": "#0"}
			}
		},
		{
			"from": [-5, 10, 8],
			"to": [0, 12, 10],
			"faces": {
				"north": {"uv": [11.875, 4.25, 12.5, 4.75], "texture": "#0"},
				"east": {"uv": [0, 0, 2, 6], "texture": "#missing"},
				"south": {"uv": [12.5, 4.25, 13.125, 4.75], "texture": "#0"},
				"west": {"uv": [12.375, 4.25, 12.625, 4.75], "texture": "#0"},
				"up": {"uv": [12.5, 4.25, 13.125, 4.75], "texture": "#0"},
				"down": {"uv": [11.875, 4.5, 12.5, 5], "rotation": 180, "texture": "#0"}
			}
		},
		{
			"from": [-5, 9, 8],
			"to": [-3, 10, 10],
			"faces": {
				"north": {"uv": [12.25, 4.75, 12.5, 5], "texture": "#0"},
				"east": {"uv": [12.375, 4.75, 12.625, 5], "texture": "#0"},
				"south": {"uv": [12.5, 4.75, 12.75, 5], "texture": "#0"},
				"west": {"uv": [12.375, 4.75, 12.625, 5], "texture": "#0"},
				"up": {"uv": [0, 0, 5, 4], "texture": "#missing"},
				"down": {"uv": [12.375, 4.5, 12.625, 5], "texture": "#0"}
			}
		},
		{
			"from": [16, 10, 8],
			"to": [21, 12, 10],
			"faces": {
				"north": {"uv": [9.25, 4.25, 9.875, 4.75], "texture": "#0"},
				"east": {"uv": [9.125, 4.25, 9.375, 4.75], "texture": "#0"},
				"south": {"uv": [8.625, 4.25, 9.25, 4.75], "texture": "#0"},
				"west": {"uv": [0, 0, 2, 6], "texture": "#missing"},
				"up": {"uv": [8.625, 4.25, 9.25, 4.75], "texture": "#0"},
				"down": {"uv": [9.25, 4.5, 9.875, 4.75], "rotation": 180, "texture": "#0"}
			}
		},
		{
			"from": [19, 9, 8],
			"to": [21, 10, 10],
			"faces": {
				"north": {"uv": [9.25, 4.75, 9.5, 5], "texture": "#0"},
				"east": {"uv": [9.125, 4.75, 9.375, 5], "texture": "#0"},
				"south": {"uv": [9, 4.75, 9.25, 5], "texture": "#0"},
				"west": {"uv": [9.125, 4.75, 9.375, 5], "texture": "#0"},
				"up": {"uv": [0, 0, 5, 4], "texture": "#missing"},
				"down": {"uv": [9.125, 4.5, 9.375, 5], "texture": "#0"}
			}
		},
		{
			"from": [-4, 8, 9],
			"to": [0, 11, 11],
			"faces": {
				"north": {"uv": [11.875, 4.5, 12.375, 5.25], "texture": "#0"},
				"east": {"uv": [0, 0, 2, 6], "texture": "#missing"},
				"south": {"uv": [12.625, 4.5, 13.125, 5.25], "texture": "#0"},
				"west": {"uv": [12.875, 4.5, 13.125, 5.25], "texture": "#0"},
				"up": {"uv": [12.625, 4.5, 13.125, 5], "texture": "#0"},
				"down": {"uv": [12.625, 4.75, 13.125, 5.25], "rotation": 180, "texture": "#0"}
			}
		},
		{
			"from": [16, 8, 9],
			"to": [20, 11, 11],
			"faces": {
				"north": {"uv": [9.375, 4.5, 9.875, 5.25], "texture": "#0"},
				"east": {"uv": [8.625, 4.5, 8.875, 5.25], "texture": "#0"},
				"south": {"uv": [8.625, 4.5, 9.125, 5.25], "texture": "#0"},
				"west": {"uv": [0, 0, 2, 6], "texture": "#missing"},
				"up": {"uv": [8.625, 4.5, 9.125, 5], "texture": "#0"},
				"down": {"uv": [8.625, 4.75, 9.125, 5.25], "rotation": 180, "texture": "#0"}
			}
		}
	],
	"display": {
		"thirdperson_righthand": {
			"scale": [0.4, 0.4, 0.4]
		},
		"thirdperson_lefthand": {
			"scale": [0.4, 0.4, 0.4]
		},
		"firstperson_righthand": {
			"scale": [0.4, 0.4, 0.4]
		},
		"firstperson_lefthand": {
			"scale": [0.4, 0.4, 0.4]
		},
		"ground": {
			"scale": [0.4, 0.4, 0.4]
		},
		"gui": {
			"rotation": [20, -155, 0],
			"translation": [-1, -0.5, 0],
			"scale": [0.5, 0.5, 0.5]
		},
		"head": {
			"scale": [0.91, 0.91, 0.91]
		},
		"fixed": {
			"rotation": [-5, 0, 0],
			"translation": [0, 0, -3],
			"scale": [0.9, 0.9, 0.9]
		}
	},
	"groups": [0, 1, 2, 3, 4, 5, 6, 7, 8, 9, 10, 11, 12, 13,
		{
			"name": "Horns",
			"origin": [8, 8, 8],
			"color": 0,
			"children": [
				{
					"name": "Right",
					"origin": [8, 8, 8],
					"color": 0,
					"children": [14, 15, 16, 17, 18, 19, 20, 21]
				},
				{
					"name": "Left",
					"origin": [8, 8, 8],
					"color": 0,
					"children": [22, 23, 24, 25, 26, 27, 28, 29]
				}
			]
		}, 30, 31, 32, 33, 34, 35]
}

//Textured by Ichabodt
