{
    "parent": "item/generated",
    "textures": {
        "layer0": "item/totem_of_undying"
    },
    

    
    "overrides": [
    {"predicate": {"custom_model_data":9}, "model": "item/custom/zeus_totem"},
	{"predicate": {"custom_model_data":10}, "model": "item/custom/poseidon_totem"},
	{"predicate": {"custom_model_data":11}, "model": "item/custom/hades_totem"},
	{"predicate": {"custom_model_data":12}, "model": "item/custom/ares_totem"},
	{"predicate": {"custom_model_data":13}, "model": "item/custom/aphrodite_totem"},
	{"predicate": {"custom_model_data":14}, "model": "item/custom/demeter_totem"},
	{"predicate": {"custom_model_data":15}, "model": "item/custom/hermes_totem"},
	{"predicate": {"custom_model_data":16}, "model": "item/custom/artemis_totem"},
	{"predicate": {"custom_model_data":17}, "model": "item/custom/athena_totem"},
	{"predicate": {"custom_model_data":18}, "model": "item/custom/dionysus_totem"},
	{"predicate": {"custom_model_data":19}, "model": "item/custom/minotor_totem"}
    ]
}

//Textured by Ichabodt