{"stats":{"minecraft:custom":{"minecraft:open_chest":41,"minecraft:time_since_rest":99198,"minecraft:damage_taken":260,"minecraft:play_one_minute":1011652,"minecraft:walk_one_cm":166816,"minecraft:crouch_one_cm":20811,"minecraft:interact_with_furnace":2,"minecraft:sprint_one_cm":321086,"minecraft:deaths":2,"minecraft:sneak_time":7911,"minecraft:walk_under_water_one_cm":879,"minecraft:jump":1500,"minecraft:damage_dealt":40,"minecraft:leave_game":27,"minecraft:time_since_death":98277,"minecraft:walk_on_water_one_cm":291,"minecraft:climb_one_cm":1864,"minecraft:fly_one_cm":6168424,"minecraft:fall_one_cm":2502,"minecraft:inspect_dispenser":4},"minecraft:picked_up":{"minecraft:stick":1,"minecraft:glass":1,"minecraft:clock":1,"minecraft:splash_potion":1,"minecraft:green_stained_glass_pane":16,"minecraft:apple":1,"minecraft:red_stained_glass_pane":16,"minecraft:red_sand":63,"minecraft:bedrock":39,"minecraft:golden_apple":1,"minecraft:totem_of_undying":39,"minecraft:blast_furnace":1,"minecraft:blaze_powder":1,"minecraft:oak_leaves":3},"minecraft:used":{"minecraft:gilded_blackstone":2,"minecraft:furnace":1,"minecraft:dispenser":1,"minecraft:smooth_sandstone":7,"minecraft:oak_sign":1,"minecraft:sea_pickle":113,"minecraft:chest":14,"minecraft:white_concrete":18,"minecraft:obsidian":9}},"DataVersion":2586}