{"stats":{"minecraft:dropped":{"minecraft:iron_helmet":1,"minecraft:grass_block":1,"minecraft:iron_leggings":1,"minecraft:brown_mushroom_block":2,"minecraft:player_head":1,"minecraft:iron_boots":1,"minecraft:diamond_chestplate":1},"minecraft:picked_up":{"minecraft:chicken":20,"minecraft:ladder":3,"minecraft:green_stained_glass_pane":24,"minecraft:brick":2,"minecraft:redstone_torch":1,"minecraft:chest":10,"minecraft:stick":2,"minecraft:red_stained_glass_pane":24,"minecraft:rotten_flesh":5,"minecraft:carved_pumpkin":1,"minecraft:totem_of_undying":57,"minecraft:obsidian":1,"minecraft:feather":23,"minecraft:repeater":1,"minecraft:acacia_leaves":12,"minecraft:ancient_debris":2,"minecraft:lantern":1,"minecraft:bell":1,"minecraft:iron_ingot":3,"minecraft:acacia_sapling":1,"minecraft:scaffolding":179,"minecraft:light_blue_shulker_box":1,"minecraft:red_banner":2,"minecraft:brown_mushroom_block":1,"minecraft:grass_block":1,"minecraft:diamond":1,"minecraft:soul_lantern":1,"minecraft:coal":2},"minecraft:used":{"minecraft:oak_trapdoor":37,"minecraft:petrified_oak_slab":5,"minecraft:netherite_sword":7,"minecraft:red_sand":1,"minecraft:iron_bars":2,"minecraft:flint_and_steel":1,"minecraft:orange_concrete":7,"minecraft:dead_bush":1,"minecraft:smooth_quartz_slab":73,"minecraft:red_concrete":263,"minecraft:polished_blackstone":1,"minecraft:bone_block":20,"minecraft:ladder":10,"minecraft:oak_sign":34,"minecraft:chest":16,"minecraft:spruce_planks":2,"minecraft:brown_concrete":3,"minecraft:stone":58,"minecraft:zombie_spawn_egg":8,"minecraft:quartz_stairs":12,"minecraft:bell":19,"minecraft:smooth_sandstone_stairs":3,"minecraft:player_head":51,"minecraft:sandstone_wall":19,"minecraft:dirt":2,"minecraft:ancient_debris":5,"minecraft:brick_slab":7,"minecraft:prismarine_brick_stairs":9,"minecraft:oak_wood":82,"minecraft:granite":10,"minecraft:blue_concrete":2,"minecraft:obsidian":18,"minecraft:andesite_wall":1,"minecraft:shroomlight":1,"minecraft:wooden_axe":23,"minecraft:bricks":4,"minecraft:coal_ore":9,"minecraft:quartz_pillar":2,"minecraft:quartz_slab":1,"minecraft:grass_block":283,"minecraft:smooth_sandstone":709,"minecraft:quartz_block":29,"minecraft:dark_oak_wood":11,"minecraft:smooth_quartz":93,"minecraft:piglin_brute_spawn_egg":1,"minecraft:stone_bricks":13,"minecraft:item_frame":1,"minecraft:bamboo":1,"minecraft:bedrock":60,"minecraft:basalt":29,"minecraft:glowstone":12,"minecraft:honeycomb_block":55,"minecraft:lime_concrete":1,"minecraft:bow":18,"minecraft:tall_grass":1,"minecraft:emerald_block":1,"minecraft:scaffolding":334,"minecraft:skeleton_skull":2,"minecraft:granite_wall":1,"minecraft:end_stone_brick_stairs":2,"minecraft:seagrass":59,"minecraft:water_bucket":50,"minecraft:light_blue_shulker_box":1,"minecraft:end_stone_bricks":128,"minecraft:iron_ore":2,"minecraft:sandstone_stairs":1,"minecraft:lodestone":17,"minecraft:prismarine_brick_slab":49,"minecraft:blue_wool":1,"minecraft:ender_pearl":39,"minecraft:sandstone":144,"minecraft:cut_sandstone":46,"minecraft:blue_concrete_powder":1,"minecraft:redstone_block":6,"minecraft:end_stone_brick_slab":13,"minecraft:red_glazed_terracotta":2,"minecraft:beacon":14,"minecraft:sugar_cane":2,"minecraft:cobblestone_slab":5,"minecraft:gold_ore":10,"minecraft:oak_leaves":22,"minecraft:smooth_quartz_stairs":173,"minecraft:respawn_anchor":29,"minecraft:diamond_block":2,"minecraft:sand":5,"minecraft:rail":14,"minecraft:terracotta":52,"minecraft:light_blue_concrete":4,"minecraft:cut_sandstone_slab":17,"minecraft:oak_slab":2,"minecraft:crafting_table":1,"minecraft:smooth_red_sandstone":9,"minecraft:blue_ice":1,"minecraft:yellow_concrete":1,"minecraft:acacia_leaves":2,"minecraft:note_block":1,"minecraft:lingering_potion":591,"minecraft:end_stone":3,"minecraft:spruce_log":1,"minecraft:nether_gold_ore":1,"minecraft:oak_log":25,"minecraft:piston":10,"minecraft:green_concrete":4,"minecraft:black_concrete":345,"minecraft:firework_rocket":50,"minecraft:crying_obsidian":7,"minecraft:dark_oak_log":3,"minecraft:command_block":1,"minecraft:light_gray_concrete":1,"minecraft:cracked_polished_blackstone_bricks":1,"minecraft:barrier":257,"minecraft:oak_button":1,"minecraft:lapis_ore":10,"minecraft:red_terracotta":27,"minecraft:spruce_trapdoor":34,"minecraft:diamond_ore":3,"minecraft:gravel":2,"minecraft:crimson_nylium":1,"minecraft:chiseled_stone_bricks":5,"minecraft:diamond_sword":27,"minecraft:potion":1,"minecraft:grindstone":1,"minecraft:bucket":9,"minecraft:andesite":150,"minecraft:white_concrete":146,"minecraft:brown_mushroom_block":372,"minecraft:splash_potion":65},"minecraft:killed":{"minecraft:chicken":23,"minecraft:piglin_brute":1,"minecraft:zombie":10},"minecraft:crafted":{"minecraft:crossbow":1},"minecraft:custom":{"minecraft:inspect_dropper":4,"minecraft:mob_kills":34,"minecraft:interact_with_crafting_table":4,"minecraft:open_barrel":6,"minecraft:open_shulker_box":5,"minecraft:bell_ring":516,"minecraft:leave_game":202,"minecraft:time_since_death":827890,"minecraft:climb_one_cm":7903,"minecraft:sprint_one_cm":622992,"minecraft:walk_one_cm":1120807,"minecraft:drop":8,"minecraft:deaths":6,"minecraft:sneak_time":140987,"minecraft:walk_under_water_one_cm":8447,"minecraft:jump":5331,"minecraft:interact_with_blast_furnace":2,"minecraft:walk_on_water_one_cm":991664,"minecraft:interact_with_furnace":1,"minecraft:tune_noteblock":195,"minecraft:play_one_minute":6951980,"minecraft:interact_with_grindstone":1,"minecraft:time_since_rest":827932,"minecraft:damage_taken":2430,"minecraft:damage_dealt":2798,"minecraft:fly_one_cm":72583327,"minecraft:player_kills":1,"minecraft:open_chest":437,"minecraft:crouch_one_cm":239371,"minecraft:aviate_one_cm":25792,"minecraft:interact_with_smoker":3,"minecraft:fall_one_cm":23645,"minecraft:inspect_dispenser":2}},"DataVersion":2586}