{"stats":{"minecraft:dropped":{"minecraft:black_stained_glass_pane":1},"minecraft:picked_up":{"minecraft:barrier":9,"minecraft:clock":3,"minecraft:apple":2,"minecraft:soul_lantern":1,"minecraft:netherite_sword":1,"minecraft:iron_ingot":1,"minecraft:potion":1,"minecraft:iron_ore":1,"minecraft:golden_apple":1,"minecraft:player_head":4,"minecraft:stone_button":1,"minecraft:totem_of_undying":1,"minecraft:lantern":2},"minecraft:used":{"minecraft:green_concrete":4,"minecraft:dropper":3,"minecraft:command_block":5,"minecraft:black_stained_glass_pane":1,"minecraft:red_concrete":5,"minecraft:stone_button":5,"minecraft:chest":8},"minecraft:custom":{"minecraft:time_since_rest":288277,"minecraft:open_chest":154,"minecraft:interact_with_smithing_table":1,"minecraft:play_one_minute":288277,"minecraft:crouch_one_cm":1684,"minecraft:sprint_one_cm":3923,"minecraft:inspect_dropper":58,"minecraft:walk_one_cm":35832,"minecraft:sneak_time":709,"minecraft:drop":1,"minecraft:jump":121,"minecraft:leave_game":12,"minecraft:time_since_death":288277,"minecraft:interact_with_crafting_table":6,"minecraft:fly_one_cm":206080}},"DataVersion":2586}