{"stats":{"minecraft:dropped":{"minecraft:ladder":5},"minecraft:picked_up":{"minecraft:ladder":5,"minecraft:sand":1,"minecraft:dirt":15},"minecraft:mined":{"minecraft:grass_block":7,"minecraft:dirt":8,"minecraft:sand":1},"minecraft:used":{"minecraft:item_frame":1,"minecraft:redstone_lamp":3,"minecraft:dirt":15,"minecraft:firework_rocket":223,"minecraft:sand":1,"minecraft:grass_block":1,"minecraft:smooth_sandstone":9,"minecraft:map":1,"minecraft:oak_pressure_plate":1},"minecraft:killed_by":{"minecraft:player":1},"minecraft:killed":{"minecraft:sheep":3},"minecraft:custom":{"minecraft:time_since_rest":37751,"minecraft:crouch_one_cm":2749,"minecraft:play_one_minute":260695,"minecraft:sprint_one_cm":40425,"minecraft:damage_taken":6060,"minecraft:deaths":5,"minecraft:walk_one_cm":35773,"minecraft:sneak_time":3115,"minecraft:walk_under_water_one_cm":26407,"minecraft:mob_kills":3,"minecraft:drop":1,"minecraft:aviate_one_cm":1523340,"minecraft:jump":358,"minecraft:damage_dealt":325,"minecraft:leave_game":20,"minecraft:walk_on_water_one_cm":13652,"minecraft:time_since_death":37730,"minecraft:climb_one_cm":377,"minecraft:fall_one_cm":56458,"minecraft:fly_one_cm":697846}},"DataVersion":2586}