{"stats":{"minecraft:dropped":{"minecraft:lantern":1,"minecraft:elytra":1,"minecraft:phantom_membrane":1,"minecraft:firework_rocket":64,"minecraft:book":1,"minecraft:bucket":1,"minecraft:brown_dye":1,"minecraft:player_head":3,"minecraft:carved_pumpkin":66,"minecraft:terracotta":2},"minecraft:picked_up":{"minecraft:wooden_axe":1,"minecraft:wheat":1,"minecraft:green_stained_glass_pane":20,"minecraft:lead":64,"minecraft:potion":1,"minecraft:iron_leggings":1,"minecraft:oak_sign":1,"minecraft:blue_stained_glass_pane":2,"minecraft:rose_bush":5,"minecraft:iron_boots":1,"minecraft:stick":11,"minecraft:torch":9,"minecraft:brown_carpet":32,"minecraft:yellow_banner":1,"minecraft:green_banner":1,"minecraft:stone_sword":1,"minecraft:iron_block":2,"minecraft:carved_pumpkin":64,"minecraft:obsidian":1,"minecraft:blaze_powder":1,"minecraft:leather_chestplate":1,"minecraft:cooked_beef":16,"minecraft:acacia_leaves":11,"minecraft:flint":2,"minecraft:lantern":7,"minecraft:twisting_vines":8,"minecraft:leather_boots":1,"minecraft:wheat_seeds":4306,"minecraft:bell":1,"minecraft:oak_planks":12,"minecraft:cooked_porkchop":12,"minecraft:oak_pressure_plate":1,"minecraft:black_stained_glass_pane":6,"minecraft:grass_block":9,"minecraft:diamond":1,"minecraft:soul_lantern":2,"minecraft:yellow_stained_glass_pane":2,"minecraft:granite":1,"minecraft:bone_meal":4,"minecraft:white_concrete":1,"minecraft:golden_apple":1,"minecraft:emerald":8,"minecraft:blue_banner":1,"minecraft:jack_o_lantern":1,"minecraft:oak_leaves":7,"minecraft:diamond_pickaxe":1,"minecraft:lime_stained_glass_pane":2,"minecraft:ladder":45,"minecraft:leather_leggings":1,"minecraft:chain":64,"minecraft:elytra":1,"minecraft:item_frame":1,"minecraft:compass":1,"minecraft:brown_stained_glass_pane":2,"minecraft:player_head":3,"minecraft:poppy":13,"minecraft:light_gray_wool":1,"minecraft:phantom_membrane":4,"minecraft:egg":4,"minecraft:red_stained_glass_pane":39,"minecraft:redstone":4,"minecraft:brown_dye":1,"minecraft:blue_carpet":1,"minecraft:diamond_chestplate":1,"minecraft:totem_of_undying":46,"minecraft:rail":3,"minecraft:white_wool":4,"minecraft:clock":2,"minecraft:basalt":71,"minecraft:leather":1,"minecraft:bedrock":5,"minecraft:cooked_mutton":7,"minecraft:apple":1,"minecraft:stone_pickaxe":1,"minecraft:cooked_chicken":1,"minecraft:glass_bottle":1,"minecraft:book":1,"minecraft:scaffolding":24,"minecraft:dandelion":1,"minecraft:red_banner":2,"minecraft:blast_furnace":1,"minecraft:leather_helmet":1,"minecraft:oak_wood":1,"minecraft:firework_rocket":1,"minecraft:stone_axe":1,"minecraft:iron_helmet":1,"minecraft:terracotta":3,"minecraft:brown_banner":1},"minecraft:mined":{"minecraft:oak_leaves":7},"minecraft:used":{"minecraft:peony":4,"minecraft:blue_terracotta":93,"minecraft:red_sand":3,"minecraft:melon":8,"minecraft:smooth_quartz_slab":436,"minecraft:dead_horn_coral_block":158,"minecraft:polished_blackstone":1,"minecraft:poppy":49,"minecraft:spruce_slab":730,"minecraft:dead_brain_coral":1,"minecraft:bone_block":1221,"minecraft:ladder":63,"minecraft:oak_sign":12,"minecraft:polished_basalt":56,"minecraft:white_concrete_powder":19,"minecraft:chest":85,"minecraft:white_terracotta":8,"minecraft:stone":1171,"minecraft:creeper_head":11,"minecraft:stripped_jungle_wood":137,"minecraft:bell":24,"minecraft:grass":594,"minecraft:red_nether_brick_stairs":5,"minecraft:quartz_stairs":48,"minecraft:bubble_coral":3,"minecraft:player_head":83,"minecraft:smooth_sandstone_stairs":27,"minecraft:farmland":5,"minecraft:green_terracotta":6,"minecraft:stripped_crimson_stem":4,"minecraft:debug_stick":5,"minecraft:birch_pressure_plate":2,"minecraft:lily_of_the_valley":23,"minecraft:brick_slab":218,"minecraft:jungle_planks":492,"minecraft:carrot":1,"minecraft:jungle_slab":67,"minecraft:beehive":1,"minecraft:cyan_wool":2,"minecraft:azure_bluet":38,"minecraft:stripped_spruce_log":56,"minecraft:obsidian":64,"minecraft:honey_bottle":6,"minecraft:red_sandstone_stairs":7,"minecraft:glass":4,"minecraft:cyan_terracotta":61,"minecraft:lava_bucket":58,"minecraft:stripped_dark_oak_wood":497,"minecraft:bricks":107,"minecraft:coal_ore":13,"minecraft:quartz_pillar":804,"minecraft:warped_hyphae":4,"minecraft:quartz_slab":23,"minecraft:jungle_fence_gate":45,"minecraft:red_wool":740,"minecraft:black_stained_glass_pane":4,"minecraft:lantern":58,"minecraft:grass_block":2462,"minecraft:blue_orchid":37,"minecraft:panda_spawn_egg":1,"minecraft:quartz_block":613,"minecraft:green_wool":84,"minecraft:polished_blackstone_brick_wall":74,"minecraft:wet_sponge":1,"minecraft:dark_oak_wood":286,"minecraft:dark_oak_leaves":2,"minecraft:dark_oak_slab":10,"minecraft:crimson_roots":2,"minecraft:diorite_wall":178,"minecraft:pink_wool":3,"minecraft:stone_brick_stairs":84,"minecraft:stone_bricks":169,"minecraft:blue_banner":16,"minecraft:item_frame":13,"minecraft:bedrock":31,"minecraft:birch_button":14,"minecraft:birch_trapdoor":42,"minecraft:red_nether_brick_wall":9,"minecraft:honeycomb_block":48,"minecraft:red_carpet":8,"minecraft:bow":33,"minecraft:magma_block":62,"minecraft:brown_carpet":110,"minecraft:warped_fungus":8,"minecraft:hay_block":10,"minecraft:scaffolding":75,"minecraft:jungle_button":11,"minecraft:yellow_glazed_terracotta":44,"minecraft:furnace":2,"minecraft:beetroot_seeds":3,"minecraft:acacia_fence":5,"minecraft:gold_block":37,"minecraft:skeleton_skull":31,"minecraft:egg":8,"minecraft:end_stone_brick_stairs":390,"minecraft:fire_coral_fan":13,"minecraft:seagrass":374,"minecraft:brown_concrete_powder":11,"minecraft:stripped_spruce_wood":7,"minecraft:emerald_ore":13,"minecraft:chiseled_polished_blackstone":6,"minecraft:tube_coral_fan":9,"minecraft:diorite":297,"minecraft:end_rod":7,"minecraft:end_stone_bricks":1265,"minecraft:spruce_door":2,"minecraft:brick_wall":57,"minecraft:dropper":4,"minecraft:stripped_acacia_log":136,"minecraft:stripped_birch_log":90,"minecraft:prismarine_stairs":2,"minecraft:birch_leaves":2,"minecraft:prismarine":171,"minecraft:acacia_trapdoor":25,"minecraft:blackstone_stairs":15,"minecraft:jungle_fence":42,"minecraft:oak_planks":209,"minecraft:orange_tulip":2,"minecraft:polished_diorite_slab":4,"minecraft:blackstone":197,"minecraft:sandstone":4038,"minecraft:composter":34,"minecraft:end_stone_brick_slab":250,"minecraft:sugar_cane":40,"minecraft:smooth_quartz_stairs":553,"minecraft:oak_leaves":259,"minecraft:white_wool":77,"minecraft:golden_apple":2,"minecraft:respawn_anchor":2,"minecraft:dark_oak_trapdoor":9,"minecraft:sand":735,"minecraft:yellow_terracotta":105,"minecraft:light_blue_concrete":17,"minecraft:loom":10,"minecraft:light_blue_wool":1,"minecraft:black_banner":7,"minecraft:smooth_red_sandstone":4016,"minecraft:light_gray_terracotta":5,"minecraft:yellow_concrete":43,"minecraft:acacia_leaves":117,"minecraft:blue_ice":73,"minecraft:sponge":24,"minecraft:blackstone_wall":86,"minecraft:note_block":1,"minecraft:stone_brick_wall":2,"minecraft:shears":7,"minecraft:end_stone":19,"minecraft:red_sandstone_wall":14,"minecraft:birch_fence":20,"minecraft:creeper_spawn_egg":2,"minecraft:black_terracotta":8,"minecraft:sticky_piston":4,"minecraft:dead_fire_coral_fan":3,"minecraft:lever":1,"minecraft:green_concrete":18,"minecraft:black_concrete":3,"minecraft:firework_rocket":231,"minecraft:daylight_detector":3,"minecraft:birch_fence_gate":44,"minecraft:birch_slab":8,"minecraft:dark_oak_log":162,"minecraft:light_gray_concrete":12,"minecraft:zombie_head":16,"minecraft:warped_slab":2,"minecraft:brown_wool":109,"minecraft:string":27,"minecraft:barrier":661,"minecraft:cyan_carpet":3,"minecraft:lectern":3,"minecraft:red_terracotta":287,"minecraft:polished_granite":85,"minecraft:diamond_ore":11,"minecraft:prismarine_wall":25,"minecraft:gravel":253,"minecraft:lilac":26,"minecraft:polished_andesite_slab":1,"minecraft:soul_lantern":1,"minecraft:granite_slab":765,"minecraft:blackstone_slab":24,"minecraft:evoker_spawn_egg":1,"minecraft:nether_wart_block":265,"minecraft:smooth_red_sandstone_slab":703,"minecraft:coal_block":13,"minecraft:stripped_oak_wood":83,"minecraft:grindstone":42,"minecraft:smithing_table":2,"minecraft:andesite":419,"minecraft:green_concrete_powder":3,"minecraft:chain":48,"minecraft:smooth_stone_slab":1,"minecraft:coarse_dirt":263,"minecraft:white_concrete":172,"minecraft:purple_wool":524,"minecraft:golden_pickaxe":1,"minecraft:diorite_slab":7,"minecraft:oak_fence":86,"minecraft:diorite_stairs":25,"minecraft:oak_trapdoor":8,"minecraft:stripped_acacia_wood":476,"minecraft:petrified_oak_slab":1,"minecraft:netherite_sword":69,"minecraft:iron_bars":217,"minecraft:jungle_leaves":20,"minecraft:polished_blackstone_brick_slab":14,"minecraft:rose_bush":41,"minecraft:stone_sword":15,"minecraft:granite_stairs":540,"minecraft:acacia_log":10,"minecraft:brain_coral_fan":2,"minecraft:dead_bush":116,"minecraft:flint_and_steel":18,"minecraft:carved_pumpkin":1,"minecraft:redstone_ore":7,"minecraft:red_concrete":46,"minecraft:redstone":38,"minecraft:light_gray_carpet":48,"minecraft:light_blue_terracotta":24,"minecraft:spruce_planks":882,"minecraft:ender_chest":2,"minecraft:stripped_birch_wood":4,"minecraft:sandstone_wall":1141,"minecraft:netherrack":1,"minecraft:torch":86,"minecraft:end_stone_brick_wall":296,"minecraft:anvil":6,"minecraft:warped_wart_block":6,"minecraft:dirt":4,"minecraft:ancient_debris":87,"minecraft:white_carpet":4,"minecraft:hopper":1,"minecraft:spruce_stairs":480,"minecraft:cobblestone_wall":4,"minecraft:crimson_hyphae":2,"minecraft:stone_stairs":11,"minecraft:yellow_carpet":4,"minecraft:oak_wood":185,"minecraft:bee_nest":30,"minecraft:jungle_trapdoor":183,"minecraft:granite":4525,"minecraft:spruce_fence":371,"minecraft:dead_brain_coral_block":1459,"minecraft:blue_concrete":10,"minecraft:oak_fence_gate":2,"minecraft:polished_diorite":5,"minecraft:shroomlight":76,"minecraft:andesite_wall":40,"minecraft:brown_terracotta":10,"minecraft:dark_oak_planks":2,"minecraft:stone_brick_slab":192,"minecraft:ravager_spawn_egg":1,"minecraft:wooden_axe":17,"minecraft:sea_lantern":39,"minecraft:red_tulip":1,"minecraft:iron_axe":29,"minecraft:oak_stairs":260,"minecraft:brick_stairs":14,"minecraft:spruce_button":96,"minecraft:smooth_sandstone":6516,"minecraft:acacia_slab":23,"minecraft:crimson_slab":3,"minecraft:polished_blackstone_brick_stairs":30,"minecraft:smooth_quartz":931,"minecraft:crimson_planks":5,"minecraft:prismarine_slab":1,"minecraft:barrel":81,"minecraft:bamboo":8,"minecraft:yellow_concrete_powder":2,"minecraft:light_gray_wool":103,"minecraft:basalt":1006,"minecraft:glowstone":50,"minecraft:lime_concrete":29,"minecraft:gray_glazed_terracotta":12,"minecraft:tall_grass":221,"minecraft:emerald_block":1,"minecraft:white_stained_glass_pane":54,"minecraft:podzol":11,"minecraft:acacia_wood":74,"minecraft:horn_coral_block":4,"minecraft:granite_wall":830,"minecraft:acacia_planks":142,"minecraft:orange_terracotta":375,"minecraft:pumpkin":9,"minecraft:dead_bubble_coral_fan":7,"minecraft:horn_coral_fan":5,"minecraft:crimson_stem":1,"minecraft:quartz_bricks":22,"minecraft:wheat_seeds":3,"minecraft:water_bucket":6594,"minecraft:yellow_banner":16,"minecraft:warped_stem":4,"minecraft:pink_tulip":9,"minecraft:iron_ore":11,"minecraft:cobblestone_stairs":23,"minecraft:sandstone_stairs":1668,"minecraft:lodestone":12,"minecraft:snow_block":6,"minecraft:birch_planks":5,"minecraft:polished_andesite":33,"minecraft:cartography_table":1,"minecraft:red_nether_bricks":5,"minecraft:blue_wool":200,"minecraft:andesite_slab":35,"minecraft:smooth_sandstone_slab":228,"minecraft:cut_sandstone":176,"minecraft:spruce_sign":28,"minecraft:blue_concrete_powder":89,"minecraft:cauldron":4,"minecraft:spruce_fence_gate":168,"minecraft:vindicator_spawn_egg":2,"minecraft:stonecutter":4,"minecraft:beacon":1,"minecraft:red_glazed_terracotta":12,"minecraft:chiseled_nether_bricks":14,"minecraft:cobblestone_slab":85,"minecraft:gold_ore":3,"minecraft:warped_roots":11,"minecraft:polished_blackstone_bricks":203,"minecraft:polished_blackstone_pressure_plate":13,"minecraft:vine":136,"minecraft:terracotta":6459,"minecraft:orange_carpet":16,"minecraft:lime_terracotta":32,"minecraft:rail":12,"minecraft:stripped_dark_oak_log":897,"minecraft:oak_slab":308,"minecraft:tnt":18,"minecraft:crafting_table":60,"minecraft:crimson_trapdoor":21,"minecraft:birch_sign":1,"minecraft:campfire":6,"minecraft:dark_oak_fence_gate":4,"minecraft:polar_bear_spawn_egg":2,"minecraft:brown_glazed_terracotta":82,"minecraft:smooth_red_sandstone_stairs":647,"minecraft:spruce_log":3,"minecraft:warped_planks":9,"minecraft:cake":4,"minecraft:smoker":4,"minecraft:mushroom_stem":214,"minecraft:nether_gold_ore":4,"minecraft:cyan_stained_glass":19,"minecraft:oak_log":47,"minecraft:gray_terracotta":9,"minecraft:netherite_block":4,"minecraft:flower_pot":7,"minecraft:black_wool":122,"minecraft:acacia_stairs":2,"minecraft:cornflower":10,"minecraft:oxeye_daisy":2,"minecraft:acacia_sign":1,"minecraft:stripped_jungle_log":18,"minecraft:dead_fire_coral":1,"minecraft:command_block":8,"minecraft:oak_button":11,"minecraft:lapis_ore":10,"minecraft:cyan_concrete":7,"minecraft:jungle_stairs":150,"minecraft:cracked_nether_bricks":1,"minecraft:stone_slab":43,"minecraft:spruce_trapdoor":382,"minecraft:yellow_wool":89,"minecraft:crimson_nylium":1,"minecraft:acacia_fence_gate":8,"minecraft:chiseled_stone_bricks":10,"minecraft:crimson_fungus":50,"minecraft:cobblestone":68,"minecraft:end_crystal":1,"minecraft:red_concrete_powder":25,"minecraft:andesite_stairs":39,"minecraft:bucket":8,"minecraft:red_banner":51,"minecraft:lapis_block":2,"minecraft:sandstone_slab":626,"minecraft:wither_rose":1,"minecraft:dandelion":19,"minecraft:stripped_oak_log":160,"minecraft:husk_spawn_egg":1,"minecraft:kelp":131,"minecraft:gray_wool":258,"minecraft:brown_mushroom_block":380,"minecraft:jukebox":2,"minecraft:pillager_spawn_egg":1,"minecraft:birch_stairs":18},"minecraft:killed":{"minecraft:skeleton":19,"minecraft:chicken":11,"minecraft:pig":13,"minecraft:creeper":3,"minecraft:sheep":5,"minecraft:zombie":13,"minecraft:cow":3,"minecraft:polar_bear":2},"minecraft:killed_by":{"minecraft:creeper":1},"minecraft:custom":{"minecraft:interact_with_crafting_table":15,"minecraft:open_barrel":15,"minecraft:bell_ring":346,"minecraft:eat_cake_slice":3,"minecraft:leave_game":201,"minecraft:time_since_death":1447094,"minecraft:damage_resisted":37830,"minecraft:sprint_one_cm":10918377,"minecraft:drop":14,"minecraft:deaths":3,"minecraft:jump":55340,"minecraft:walk_on_water_one_cm":604567,"minecraft:interact_with_furnace":2,"minecraft:interact_with_cartography_table":1,"minecraft:play_one_minute":10993643,"minecraft:interact_with_loom":7,"minecraft:open_enderchest":1,"minecraft:damage_dealt":5672,"minecraft:crouch_one_cm":513298,"minecraft:interact_with_smoker":3,"minecraft:inspect_dispenser":5,"minecraft:interact_with_smithing_table":2,"minecraft:inspect_dropper":65,"minecraft:interact_with_anvil":7,"minecraft:mob_kills":71,"minecraft:fill_cauldron":4,"minecraft:climb_one_cm":60154,"minecraft:walk_one_cm":7491724,"minecraft:sneak_time":398903,"minecraft:walk_under_water_one_cm":1992524,"minecraft:interact_with_blast_furnace":3,"minecraft:tune_noteblock":150,"minecraft:pot_flower":6,"minecraft:interact_with_grindstone":7,"minecraft:interact_with_stonecutter":1,"minecraft:time_since_rest":1447142,"minecraft:damage_taken":1906,"minecraft:swim_one_cm":80919,"minecraft:fly_one_cm":103772214,"minecraft:open_chest":482,"minecraft:aviate_one_cm":78844268,"minecraft:fall_one_cm":17431}},"DataVersion":2586}