{"stats":{"minecraft:dropped":{"minecraft:cooked_beef":10,"minecraft:glass_bottle":1,"minecraft:sandstone_stairs":1,"minecraft:jungle_fence":1,"minecraft:leather":64,"minecraft:leather_helmet":1,"minecraft:gold_block":1,"minecraft:dirt":1,"minecraft:crimson_roots":1,"minecraft:jack_o_lantern":1,"minecraft:chain":64,"minecraft:bone_meal":2,"minecraft:fishing_rod":1,"minecraft:green_stained_glass_pane":18,"minecraft:stone_axe":1,"minecraft:netherite_sword":1,"minecraft:red_stained_glass_pane":6,"minecraft:oak_fence_gate":1,"minecraft:leather_chestplate":1,"minecraft:leather_boots":2,"minecraft:leather_leggings":1,"minecraft:end_stone_bricks":1,"minecraft:oak_leaves":1,"minecraft:white_glazed_terracotta":1,"minecraft:water_bucket":2,"minecraft:enchanted_book":3,"minecraft:stripped_spruce_log":64,"minecraft:wheat_seeds":7,"minecraft:smooth_quartz_stairs":1,"minecraft:iron_helmet":1,"minecraft:lead":129,"minecraft:apple":64,"minecraft:granite":1,"minecraft:acacia_log":1,"minecraft:stick":64,"minecraft:cobweb":64,"minecraft:lava_bucket":1,"minecraft:iron_block":1,"minecraft:wooden_axe":1,"minecraft:white_concrete":1,"minecraft:potion":2,"minecraft:iron_leggings":2,"minecraft:smooth_quartz_slab":1,"minecraft:granite_slab":1,"minecraft:smooth_sandstone":1,"minecraft:player_head":1,"minecraft:stone_sword":1,"minecraft:diamond_hoe":2,"minecraft:iron_boots":2,"minecraft:totem_of_undying":11,"minecraft:diamond_chestplate":1,"minecraft:iron_chestplate":1,"minecraft:diamond_pickaxe":1,"minecraft:carved_pumpkin":63,"minecraft:redstone_torch":1,"minecraft:bamboo":128,"minecraft:stone_pickaxe":1,"minecraft:brick":144,"minecraft:terracotta":1},"minecraft:picked_up":{"minecraft:wooden_axe":1,"minecraft:green_stained_glass_pane":18,"minecraft:lead":1,"minecraft:iron_leggings":1,"minecraft:sticky_piston":21,"minecraft:experience_bottle":1,"minecraft:oak_sign":6,"minecraft:bucket":1,"minecraft:spruce_planks":16,"minecraft:rose_bush":2,"minecraft:redstone_torch":3,"minecraft:iron_boots":1,"minecraft:stick":1,"minecraft:stone_sword":1,"minecraft:rotten_flesh":3,"minecraft:carved_pumpkin":96,"minecraft:cobblestone":1,"minecraft:repeater":4,"minecraft:leather_chestplate":1,"minecraft:cooked_beef":71,"minecraft:feather":3,"minecraft:water_bucket":1,"minecraft:andesite":1,"minecraft:flint":1,"minecraft:dirt":2,"minecraft:lantern":46,"minecraft:leather_boots":2,"minecraft:glass":14,"minecraft:wheat_seeds":182,"minecraft:bell":1,"minecraft:bamboo":128,"minecraft:oak_planks":9,"minecraft:light_blue_shulker_box":2,"minecraft:stripped_spruce_log":64,"minecraft:lever":5,"minecraft:granite":2,"minecraft:bone_meal":9,"minecraft:white_concrete":1,"minecraft:spruce_button":1,"minecraft:oak_sapling":1,"minecraft:crimson_roots":1,"minecraft:oak_leaves":11,"minecraft:coarse_dirt":1,"minecraft:chicken":6,"minecraft:ladder":19,"minecraft:leather_leggings":1,"minecraft:brick":142,"minecraft:shield":1,"minecraft:elytra":1,"minecraft:item_frame":23,"minecraft:poppy":1,"minecraft:birch_sapling":2,"minecraft:phantom_membrane":1,"minecraft:piston":4,"minecraft:diamond_hoe":2,"minecraft:egg":1,"minecraft:red_stained_glass_pane":6,"minecraft:stone_button":3,"minecraft:redstone":25,"minecraft:dark_oak_planks":12,"minecraft:diamond_chestplate":1,"minecraft:beetroot_seeds":1,"minecraft:hay_block":4,"minecraft:totem_of_undying":13,"minecraft:birch_leaves":29,"minecraft:basalt":514,"minecraft:jungle_fence":1,"minecraft:smooth_sandstone":1,"minecraft:apple":1,"minecraft:oak_fence_gate":1,"minecraft:stone_pickaxe":1,"minecraft:cobweb":64,"minecraft:scaffolding":116,"minecraft:red_banner":1,"minecraft:spruce_door":1,"minecraft:leather_helmet":1,"minecraft:oak_wood":75,"minecraft:firework_rocket":64,"minecraft:stone_axe":1,"minecraft:iron_helmet":1,"minecraft:terracotta":2,"minecraft:dark_oak_wood":1},"minecraft:mined":{"minecraft:grass_block":2,"minecraft:dead_bush":1,"minecraft:wheat":1,"minecraft:grass":1,"minecraft:redstone_wire":1,"minecraft:basalt":7486,"minecraft:crafting_table":1},"minecraft:used":{"minecraft:iron_shovel":3,"minecraft:dead_horn_coral_block":4,"minecraft:polished_blackstone":8,"minecraft:smooth_quartz_slab":396,"minecraft:ladder":112,"minecraft:red_sandstone_slab":79,"minecraft:spruce_slab":354,"minecraft:poppy":63,"minecraft:dead_brain_coral":2,"minecraft:bone_block":2045,"minecraft:diamond_hoe":11,"minecraft:oak_sign":369,"minecraft:black_carpet":1,"minecraft:polished_basalt":14,"minecraft:white_concrete_powder":3,"minecraft:green_banner":16,"minecraft:chest":266,"minecraft:brown_concrete":1,"minecraft:stone":7083,"minecraft:zombie_spawn_egg":2,"minecraft:creeper_head":18,"minecraft:white_shulker_box":1,"minecraft:bell":19,"minecraft:quartz_stairs":171,"minecraft:grass":1379,"minecraft:bubble_coral":15,"minecraft:player_head":284,"minecraft:smooth_sandstone_stairs":33,"minecraft:farmland":17,"minecraft:green_terracotta":15,"minecraft:tube_coral":1,"minecraft:spruce_leaves":811,"minecraft:debug_stick":267,"minecraft:chiseled_red_sandstone":1,"minecraft:jungle_planks":6,"minecraft:carrot":25,"minecraft:jungle_slab":48,"minecraft:beehive":1,"minecraft:cyan_wool":10,"minecraft:stripped_spruce_log":3,"minecraft:obsidian":49,"minecraft:red_sandstone_stairs":23,"minecraft:polished_blackstone_slab":8,"minecraft:honey_block":73,"minecraft:cyan_terracotta":14,"minecraft:lava_bucket":421,"minecraft:stripped_dark_oak_wood":102,"minecraft:coal_ore":353,"minecraft:quartz_pillar":197,"minecraft:villager_spawn_egg":2,"minecraft:quartz_slab":210,"minecraft:jungle_fence_gate":3,"minecraft:red_wool":147,"minecraft:spruce_wood":468,"minecraft:lantern":118,"minecraft:grass_block":2798,"minecraft:panda_spawn_egg":55,"minecraft:quartz_block":86,"minecraft:green_wool":36,"minecraft:polished_blackstone_brick_wall":9,"minecraft:warped_nylium":1,"minecraft:dark_oak_wood":212,"minecraft:dark_oak_leaves":4,"minecraft:dark_oak_slab":57,"minecraft:gray_concrete_powder":1,"minecraft:diorite_wall":21,"minecraft:pink_wool":86,"minecraft:stone_brick_stairs":45,"minecraft:stone_bricks":19,"minecraft:blue_banner":16,"minecraft:item_frame":594,"minecraft:bedrock":29,"minecraft:birch_trapdoor":18,"minecraft:repeater":50,"minecraft:red_carpet":9,"minecraft:redstone_lamp":8,"minecraft:snow":1,"minecraft:magma_block":321,"minecraft:bow":63,"minecraft:horn_coral":18,"minecraft:hay_block":74,"minecraft:scaffolding":35,"minecraft:yellow_glazed_terracotta":44,"minecraft:furnace":14,"minecraft:beetroot_seeds":16,"minecraft:acacia_fence":33,"minecraft:gold_block":272,"minecraft:skeleton_skull":76,"minecraft:egg":3,"minecraft:end_stone_brick_stairs":5,"minecraft:fire_coral_fan":14,"minecraft:seagrass":72,"minecraft:stripped_spruce_wood":20,"minecraft:zoglin_spawn_egg":1,"minecraft:emerald_ore":67,"minecraft:dark_oak_stairs":55,"minecraft:diorite":254,"minecraft:tube_coral_fan":11,"minecraft:end_stone_bricks":123,"minecraft:spruce_door":1,"minecraft:brick_wall":1,"minecraft:stripped_acacia_log":34,"minecraft:wither_skeleton_skull":38,"minecraft:stripped_birch_log":14,"minecraft:birch_leaves":1613,"minecraft:gray_carpet":1,"minecraft:acacia_trapdoor":9,"minecraft:prismarine":66,"minecraft:oak_planks":19,"minecraft:blackstone":2,"minecraft:ender_pearl":1,"minecraft:mossy_stone_brick_stairs":2,"minecraft:sandstone":2701,"minecraft:redstone_block":14,"minecraft:composter":214,"minecraft:sugar_cane":137,"minecraft:smooth_quartz_stairs":652,"minecraft:oak_leaves":1210,"minecraft:white_wool":20,"minecraft:brain_coral":21,"minecraft:golden_apple":3,"minecraft:respawn_anchor":1,"minecraft:sand":1187,"minecraft:cut_sandstone_slab":2,"minecraft:blast_furnace":6,"minecraft:smooth_red_sandstone":3914,"minecraft:light_gray_terracotta":3,"minecraft:acacia_leaves":85,"minecraft:crossbow":26,"minecraft:sponge":5,"minecraft:chiseled_quartz_block":1,"minecraft:blackstone_wall":26,"minecraft:note_block":25,"minecraft:stone_brick_wall":6,"minecraft:gray_concrete":140,"minecraft:end_stone":7,"minecraft:red_sandstone_wall":50,"minecraft:birch_fence":16,"minecraft:creeper_spawn_egg":5,"minecraft:redstone_torch":30,"minecraft:sticky_piston":156,"minecraft:lever":20,"minecraft:red_sandstone":6,"minecraft:black_concrete":32,"minecraft:crying_obsidian":2,"minecraft:firework_rocket":439,"minecraft:chiseled_sandstone":4,"minecraft:birch_fence_gate":40,"minecraft:acacia_door":5,"minecraft:dark_oak_log":131,"minecraft:birch_slab":226,"minecraft:light_gray_concrete":3,"minecraft:zombie_head":37,"minecraft:barrier":7,"minecraft:string":17,"minecraft:warped_slab":1,"minecraft:stone_button":60,"minecraft:white_glazed_terracotta":29,"minecraft:red_terracotta":420,"minecraft:polished_granite":52,"minecraft:oak_pressure_plate":2,"minecraft:diamond_ore":181,"minecraft:iron_door":8,"minecraft:cut_red_sandstone":9,"minecraft:prismarine_wall":1,"minecraft:gravel":746,"minecraft:granite_slab":476,"minecraft:soul_lantern":1,"minecraft:blackstone_slab":9,"minecraft:evoker_spawn_egg":1,"minecraft:nether_wart_block":41,"minecraft:smooth_red_sandstone_slab":1354,"minecraft:diamond_sword":240,"minecraft:coal_block":4,"minecraft:dead_horn_coral_fan":1,"minecraft:grindstone":3,"minecraft:smithing_table":1,"minecraft:dark_oak_fence":1,"minecraft:cooked_rabbit":1,"minecraft:andesite":300,"minecraft:chain":62,"minecraft:ice":8,"minecraft:coarse_dirt":1056,"minecraft:white_concrete":10,"minecraft:warped_button":2,"minecraft:netherite_sword":63,"minecraft:cobweb":7,"minecraft:purple_wool":52,"minecraft:experience_bottle":1,"minecraft:oak_fence":74,"minecraft:iron_bars":561,"minecraft:jungle_leaves":2,"minecraft:diorite_stairs":12,"minecraft:polished_blackstone_brick_slab":162,"minecraft:oak_trapdoor":8,"minecraft:brain_coral_fan":13,"minecraft:stripped_acacia_wood":232,"minecraft:petrified_oak_slab":33,"minecraft:trident":86,"minecraft:acacia_log":4,"minecraft:granite_stairs":161,"minecraft:dead_tube_coral_block":3,"minecraft:orange_concrete":3,"minecraft:dead_bush":129,"minecraft:redstone_ore":201,"minecraft:red_concrete":76,"minecraft:redstone":465,"minecraft:light_gray_carpet":6,"minecraft:spruce_planks":53,"minecraft:stripped_birch_wood":359,"minecraft:polished_blackstone_wall":36,"minecraft:sandstone_wall":190,"minecraft:stone_hoe":1,"minecraft:dried_kelp_block":3,"minecraft:torch":38,"minecraft:end_stone_brick_wall":36,"minecraft:anvil":23,"minecraft:red_nether_brick_slab":2,"minecraft:dirt":24,"minecraft:warped_wart_block":1,"minecraft:ancient_debris":57,"minecraft:white_carpet":1,"minecraft:hopper":4,"minecraft:prismarine_bricks":1,"minecraft:spruce_stairs":89,"minecraft:twisting_vines":26,"minecraft:cobblestone_wall":12,"minecraft:stone_stairs":154,"minecraft:dead_tube_coral":1,"minecraft:oak_wood":1394,"minecraft:jungle_trapdoor":11,"minecraft:spruce_fence":418,"minecraft:granite":1212,"minecraft:dead_brain_coral_block":347,"minecraft:oak_fence_gate":26,"minecraft:polished_diorite":18,"minecraft:fern":2,"minecraft:shroomlight":1,"minecraft:andesite_wall":54,"minecraft:mossy_cobblestone_stairs":3,"minecraft:iron_hoe":3,"minecraft:dark_oak_planks":73,"minecraft:stone_brick_slab":89,"minecraft:ravager_spawn_egg":1,"minecraft:wooden_axe":15,"minecraft:sea_lantern":10,"minecraft:iron_block":2,"minecraft:iron_axe":4,"minecraft:oak_stairs":59,"minecraft:spruce_button":2,"minecraft:slime_block":30,"minecraft:smooth_sandstone":30564,"minecraft:acacia_slab":8,"minecraft:spawner":2,"minecraft:polished_blackstone_brick_stairs":32,"minecraft:smooth_quartz":841,"minecraft:piglin_brute_spawn_egg":1,"minecraft:barrel":74,"minecraft:bamboo":7,"minecraft:light_gray_wool":25,"minecraft:basalt":628,"minecraft:glowstone":2,"minecraft:tall_grass":13,"minecraft:podzol":174,"minecraft:acacia_wood":61,"minecraft:granite_wall":153,"minecraft:stone_pressure_plate":8,"minecraft:cooked_beef":45,"minecraft:dead_bubble_coral_block":69,"minecraft:observer":97,"minecraft:orange_terracotta":1410,"minecraft:dead_bubble_coral_fan":4,"minecraft:horn_coral_fan":14,"minecraft:wheat_seeds":14,"minecraft:quartz_bricks":8,"minecraft:water_bucket":6494,"minecraft:yellow_banner":16,"minecraft:light_blue_shulker_box":3,"minecraft:iron_ore":357,"minecraft:cobblestone_stairs":99,"minecraft:sandstone_stairs":761,"minecraft:lodestone":20,"minecraft:snow_block":1,"minecraft:birch_planks":73,"minecraft:polished_andesite":87,"minecraft:lime_wool":14,"minecraft:red_nether_bricks":2,"minecraft:bubble_coral_fan":15,"minecraft:blue_wool":32,"minecraft:andesite_slab":49,"minecraft:cut_sandstone":31,"minecraft:brown_mushroom":3,"minecraft:spruce_sign":13,"minecraft:cauldron":6,"minecraft:stonecutter":5,"minecraft:spruce_fence_gate":22,"minecraft:cobblestone_slab":225,"minecraft:gold_ore":216,"minecraft:warped_roots":2,"minecraft:cracked_stone_bricks":5,"minecraft:polished_blackstone_bricks":164,"minecraft:jungle_wood":4,"minecraft:mossy_cobblestone":9,"minecraft:orange_carpet":1,"minecraft:lime_terracotta":42,"minecraft:rail":23,"minecraft:terracotta":13697,"minecraft:vine":499,"minecraft:oak_slab":183,"minecraft:crafting_table":296,"minecraft:red_bed":2,"minecraft:dead_fire_coral_block":2,"minecraft:yellow_stained_glass_pane":7,"minecraft:light_gray_concrete_powder":1,"minecraft:campfire":9,"minecraft:fire_coral":18,"minecraft:smooth_red_sandstone_stairs":1684,"minecraft:spruce_log":156,"minecraft:smoker":8,"minecraft:mushroom_stem":11,"minecraft:oak_log":78,"minecraft:gray_terracotta":1,"minecraft:piston":18,"minecraft:dark_prismarine":2,"minecraft:wooden_hoe":3,"minecraft:flower_pot":4,"minecraft:diamond_pickaxe":7486,"minecraft:acacia_stairs":5,"minecraft:black_wool":20,"minecraft:dead_fire_coral":2,"minecraft:command_block":270,"minecraft:cracked_polished_blackstone_bricks":45,"minecraft:lapis_ore":167,"minecraft:stone_slab":230,"minecraft:spruce_trapdoor":685,"minecraft:yellow_wool":17,"minecraft:acacia_fence_gate":36,"minecraft:chiseled_stone_bricks":1,"minecraft:fishing_rod":20,"minecraft:cobblestone":312,"minecraft:potion":1,"minecraft:red_concrete_powder":24,"minecraft:andesite_stairs":9,"minecraft:bucket":1,"minecraft:red_banner":28,"minecraft:lapis_block":1,"minecraft:chain_command_block":34,"minecraft:sandstone_slab":394,"minecraft:wither_rose":35,"minecraft:polished_blackstone_button":10,"minecraft:sea_pickle":3,"minecraft:husk_spawn_egg":1,"minecraft:kelp":226,"minecraft:gray_wool":11,"minecraft:splash_potion":1,"minecraft:brown_mushroom_block":22,"minecraft:smooth_stone":183,"minecraft:birch_stairs":156,"minecraft:soul_torch":4},"minecraft:killed_by":{"minecraft:wither_skeleton":1,"minecraft:piglin_brute":1,"minecraft:creeper":1,"minecraft:vindicator":2,"minecraft:husk":3,"minecraft:player":1},"minecraft:killed":{"minecraft:zombified_piglin":1,"minecraft:skeleton":9,"minecraft:chicken":31,"minecraft:piglin_brute":1,"minecraft:pig":3,"minecraft:creeper":1,"minecraft:pillager":1,"minecraft:zombie":10,"minecraft:stray":2,"minecraft:cow":2,"minecraft:evoker":8,"minecraft:vex":2,"minecraft:vindicator":6,"minecraft:zoglin":1,"minecraft:panda":1,"minecraft:husk":2,"minecraft:ravager":2,"minecraft:wither_skeleton":7,"minecraft:villager":2},"minecraft:custom":{"minecraft:interact_with_crafting_table":41,"minecraft:open_barrel":9,"minecraft:open_shulker_box":4,"minecraft:bell_ring":138,"minecraft:leave_game":153,"minecraft:time_since_death":1222832,"minecraft:damage_resisted":49972,"minecraft:sprint_one_cm":4071109,"minecraft:drop":142,"minecraft:deaths":11,"minecraft:jump":35127,"minecraft:walk_on_water_one_cm":488415,"minecraft:interact_with_furnace":1,"minecraft:play_one_minute":8939947,"minecraft:damage_dealt":14136,"minecraft:player_kills":2,"minecraft:crouch_one_cm":441431,"minecraft:interact_with_smoker":1,"minecraft:mob_kills":96,"minecraft:interact_with_anvil":26,"minecraft:inspect_hopper":1,"minecraft:fill_cauldron":1,"minecraft:damage_dealt_resisted":89,"minecraft:climb_one_cm":34398,"minecraft:walk_one_cm":5772310,"minecraft:sneak_time":424657,"minecraft:walk_under_water_one_cm":991614,"minecraft:tune_noteblock":257,"minecraft:interact_with_stonecutter":1,"minecraft:time_since_rest":1222854,"minecraft:damage_taken":8812,"minecraft:swim_one_cm":24820,"minecraft:fly_one_cm":143734920,"minecraft:open_chest":456,"minecraft:aviate_one_cm":104714389,"minecraft:fall_one_cm":31929}},"DataVersion":2586}