{
    "parent": "item/generated",
    "textures": {
        "layer0": "item/aphrodite_heart"
   	},
	
	"display": {
		"thirdperson_righthand": {
			"rotation": [0, 90, 45],
			"translation": [0, 3, 0.5],
			"scale": [0.7, 0.7, 0.7]
		},
		"thirdperson_lefthand": {
			"rotation": [90, -90, 45],
			"translation": [0, 3, 0.5],
			"scale": [0.7, 0.7, 0.7]
		},
		"firstperson_righthand": {
			"rotation": [0, 90, 25],
			"translation": [1.13, 3.5, 1.13],
			"scale": [0.7, 0.7, 0.7]
		},
		"firstperson_lefthand": {
			"rotation": [0, -90, -25],
			"translation": [1.13, 3.5, 1.13],
			"scale": [0.7, 0.7, 0.7]
		},
		"ground": {
			"rotation": [0 , 90, 0],
			"translation": [0, 1.25, 0],
			"scale": [0.5, 0.5, 0.5]
		}
	}
}

//Textured by Ichabodt