{
    "parent": "item/handheld",
    "textures": {
        "layer0": "item/wall_breaker"
   	},
	
	"display": {
		"thirdperson_righthand": {
			"rotation": [0, -90, 45],
			"translation": [0, 4, 0.5],
			"scale": [1, 1, 1]
		},
		"thirdperson_lefthand": {
			"rotation": [-90, 90, 45],
			"translation": [0, 4, 0.5],
			"scale": [1, 1, 1]
		},
		"firstperson_righthand": {
			"rotation": [0, -90, 25],
			"translation": [0.5, 4.5, 1.13],
			"scale": [0.8, 0.8, 0.8]
		},
		"firstperson_lefthand": {
			"rotation": [0, 90, -25],
			"translation": [0.5, 4.5, 1.13],
			"scale": [0.8, 0.8, 0.8]
		},
		"ground": {
			"rotation": [0 , 90, 0],
			"translation": [0, 2.25, 0],
			"scale": [0.7, 0.7, 0.7]
		}
	}
}

//Textured by Ichabodt