{
	"credit": "Made with Blockbench",
	"textures": {
		"0": "minecraft:block/lodestone_side",
		"1": "minecraft:block/lodestone_top",
		"2": "minecraft:block/lodestone_craft",
		"particle": "minecraft:block/lodestone_side"
	},
	"elements": [
		{
			"from": [7.25, 12.75, -0.25],
			"to": [8.75, 13.25, 16.25],
			"faces": {
				"north": {"uv": [7.5, 13.25, 8.25, 13.5], "texture": "#2"},
				"east": {"uv": [7.5, 13.25, 8.25, 13.5], "texture": "#2"},
				"south": {"uv": [7.5, 13.25, 8.25, 13.5], "texture": "#2"},
				"west": {"uv": [7.5, 13.25, 8.25, 13.5], "texture": "#2"},
				"up": {"uv": [0, 0, 1.5, 16], "texture": "#missing"},
				"down": {"uv": [7.5, 13.25, 8.25, 13.5], "texture": "#2"}
			}
		},
		{
			"from": [6.75, 13.25, -0.25],
			"to": [9.25, 13.75, 16.25],
			"faces": {
				"north": {"uv": [7.25, 13, 8.5, 13.25], "texture": "#2"},
				"east": {"uv": [7.5, 13.25, 8.25, 13.5], "texture": "#2"},
				"south": {"uv": [7.25, 13, 8.5, 13.25], "texture": "#2"},
				"west": {"uv": [7.5, 13.25, 8.25, 13.5], "texture": "#2"},
				"up": {"uv": [0, 0, 2.5, 16], "texture": "#missing"},
				"down": {"uv": [7.5, 13.25, 8.25, 13.5], "texture": "#2"}
			}
		},
		{
			"from": [6.25, 13.75, -0.25],
			"to": [9.75, 14.25, 16.25],
			"faces": {
				"north": {"uv": [7, 12.75, 8.75, 13], "texture": "#2"},
				"east": {"uv": [7.5, 13.25, 8.25, 13.5], "texture": "#2"},
				"south": {"uv": [7, 12.75, 8.75, 13], "texture": "#2"},
				"west": {"uv": [7.5, 13.25, 8.25, 13.5], "texture": "#2"},
				"up": {"uv": [0, 0, 3.5, 16], "texture": "#missing"},
				"down": {"uv": [7.5, 13.25, 8.25, 13.5], "texture": "#2"}
			}
		},
		{
			"from": [5.75, 14.25, -0.25],
			"to": [10.25, 14.75, 16.25],
			"faces": {
				"north": {"uv": [6.75, 12.5, 9, 12.75], "texture": "#2"},
				"east": {"uv": [7.5, 13.25, 8.25, 13.5], "texture": "#2"},
				"south": {"uv": [6.75, 12.5, 9, 12.75], "texture": "#2"},
				"west": {"uv": [7.5, 13.25, 8.25, 13.5], "texture": "#2"},
				"up": {"uv": [0, 0, 4.5, 16], "texture": "#missing"},
				"down": {"uv": [7.5, 13.25, 8.25, 13.5], "texture": "#2"}
			}
		},
		{
			"from": [5.25, 14.75, -0.25],
			"to": [10.75, 15.25, 16.25],
			"faces": {
				"north": {"uv": [6.5, 12.25, 9.25, 12.5], "texture": "#2"},
				"east": {"uv": [7.5, 13.25, 8.25, 13.5], "texture": "#2"},
				"south": {"uv": [6.5, 12.25, 9.25, 12.5], "texture": "#2"},
				"west": {"uv": [7.5, 13.25, 8.25, 13.5], "texture": "#2"},
				"up": {"uv": [0, 0, 5.5, 16], "texture": "#missing"},
				"down": {"uv": [7.5, 13.25, 8.25, 13.5], "texture": "#2"}
			}
		},
		{
			"from": [4.75, 15.25, -0.25],
			"to": [11.25, 15.75, 16.25],
			"faces": {
				"north": {"uv": [6.25, 12, 9.5, 12.25], "texture": "#2"},
				"east": {"uv": [7.5, 13.25, 8.25, 13.5], "texture": "#2"},
				"south": {"uv": [6.25, 12, 9.5, 12.25], "texture": "#2"},
				"west": {"uv": [7.5, 13.25, 8.25, 13.5], "texture": "#2"},
				"up": {"uv": [0, 0, 6.5, 16], "texture": "#missing"},
				"down": {"uv": [7.5, 13.25, 8.25, 13.5], "texture": "#2"}
			}
		},
		{
			"from": [4.25, 15.75, -0.25],
			"to": [11.75, 16.25, 16.25],
			"faces": {
				"north": {"uv": [6, 11.75, 9.75, 12], "texture": "#2"},
				"east": {"uv": [7.5, 13.25, 8.25, 13.5], "texture": "#2"},
				"south": {"uv": [6, 11.75, 9.75, 12], "texture": "#2"},
				"west": {"uv": [7.5, 13.25, 8.25, 13.5], "texture": "#2"},
				"up": {"uv": [6, 3.75, 9.75, 12], "texture": "#2"},
				"down": {"uv": [7.5, 13.25, 8.25, 13.5], "texture": "#2"}
			}
		},
		{
			"from": [3.75, 15.75, 0.25],
			"to": [12.25, 16.25, 15.75],
			"faces": {
				"north": {"uv": [7.5, 13.25, 8.25, 13.5], "texture": "#2"},
				"east": {"uv": [7.5, 13.25, 8.25, 13.5], "texture": "#2"},
				"south": {"uv": [7.5, 13.25, 8.25, 13.5], "texture": "#2"},
				"west": {"uv": [7.5, 13.25, 8.25, 13.5], "texture": "#2"},
				"up": {"uv": [5.75, 4, 10, 11.75], "texture": "#2"},
				"down": {"uv": [0, 0, 8.5, 15.5], "texture": "#missing"}
			}
		},
		{
			"from": [3.25, 15.75, 0.75],
			"to": [12.75, 16.25, 15.25],
			"faces": {
				"north": {"uv": [7.5, 13.25, 8.25, 13.5], "texture": "#2"},
				"east": {"uv": [7.5, 13.25, 8.25, 13.5], "texture": "#2"},
				"south": {"uv": [7.5, 13.25, 8.25, 13.5], "texture": "#2"},
				"west": {"uv": [7.5, 13.25, 8.25, 13.5], "texture": "#2"},
				"up": {"uv": [5.5, 4.25, 10.25, 11.5], "texture": "#2"},
				"down": {"uv": [0, 0, 9.5, 14.5], "texture": "#missing"}
			}
		},
		{
			"from": [2.75, 15.75, 1.25],
			"to": [13.25, 16.25, 14.75],
			"faces": {
				"north": {"uv": [7.5, 13.25, 8.25, 13.5], "texture": "#2"},
				"east": {"uv": [7.5, 13.25, 8.25, 13.5], "texture": "#2"},
				"south": {"uv": [7.5, 13.25, 8.25, 13.5], "texture": "#2"},
				"west": {"uv": [7.5, 13.25, 8.25, 13.5], "texture": "#2"},
				"up": {"uv": [5.25, 4.5, 10.5, 11.25], "texture": "#2"},
				"down": {"uv": [0, 0, 10.5, 13.5], "texture": "#missing"}
			}
		},
		{
			"from": [2.25, 15.75, 1.75],
			"to": [13.75, 16.25, 14.25],
			"faces": {
				"north": {"uv": [7.5, 13.25, 8.25, 13.5], "texture": "#2"},
				"east": {"uv": [7.5, 13.25, 8.25, 13.5], "texture": "#2"},
				"south": {"uv": [7.5, 13.25, 8.25, 13.5], "texture": "#2"},
				"west": {"uv": [7.5, 13.25, 8.25, 13.5], "texture": "#2"},
				"up": {"uv": [5, 4.75, 10.75, 11], "texture": "#2"},
				"down": {"uv": [0, 0, 11.5, 12.5], "texture": "#missing"}
			}
		},
		{
			"from": [1.75, 15.75, 2.25],
			"to": [14.25, 16.25, 13.75],
			"faces": {
				"north": {"uv": [7.5, 13.25, 8.25, 13.5], "texture": "#2"},
				"east": {"uv": [7.5, 13.25, 8.25, 13.5], "texture": "#2"},
				"south": {"uv": [7.5, 13.25, 8.25, 13.5], "texture": "#2"},
				"west": {"uv": [7.5, 13.25, 8.25, 13.5], "texture": "#2"},
				"up": {"uv": [4.75, 5, 11, 10.75], "texture": "#2"},
				"down": {"uv": [0, 0, 12.5, 11.5], "texture": "#missing"}
			}
		},
		{
			"from": [1.25, 15.75, 2.75],
			"to": [14.75, 16.25, 13.25],
			"faces": {
				"north": {"uv": [7.5, 13.25, 8.25, 13.5], "texture": "#2"},
				"east": {"uv": [7.5, 13.25, 8.25, 13.5], "texture": "#2"},
				"south": {"uv": [7.5, 13.25, 8.25, 13.5], "texture": "#2"},
				"west": {"uv": [7.5, 13.25, 8.25, 13.5], "texture": "#2"},
				"up": {"uv": [4.5, 5.25, 11.25, 10.5], "texture": "#2"},
				"down": {"uv": [0, 0, 13.5, 10.5], "texture": "#missing"}
			}
		},
		{
			"from": [0.75, 15.75, 3.25],
			"to": [15.25, 16.25, 12.75],
			"faces": {
				"north": {"uv": [7.5, 13.25, 8.25, 13.5], "texture": "#2"},
				"east": {"uv": [7.5, 13.25, 8.25, 13.5], "texture": "#2"},
				"south": {"uv": [7.5, 13.25, 8.25, 13.5], "texture": "#2"},
				"west": {"uv": [7.5, 13.25, 8.25, 13.5], "texture": "#2"},
				"up": {"uv": [4.25, 5.5, 11.5, 10.25], "texture": "#2"},
				"down": {"uv": [0, 0, 14.5, 9.5], "texture": "#missing"}
			}
		},
		{
			"from": [0.25, 15.75, 3.75],
			"to": [15.75, 16.25, 12.25],
			"faces": {
				"north": {"uv": [7.5, 13.25, 8.25, 13.5], "texture": "#2"},
				"east": {"uv": [7.5, 13.25, 8.25, 13.5], "texture": "#2"},
				"south": {"uv": [7.5, 13.25, 8.25, 13.5], "texture": "#2"},
				"west": {"uv": [7.5, 13.25, 8.25, 13.5], "texture": "#2"},
				"up": {"uv": [4, 5.75, 11.75, 10], "texture": "#2"},
				"down": {"uv": [0, 0, 15.5, 8.5], "texture": "#missing"}
			}
		},
		{
			"from": [-0.25, 15.75, 4.25],
			"to": [16.25, 16.25, 11.75],
			"faces": {
				"north": {"uv": [7.5, 13.25, 8.25, 13.5], "texture": "#2"},
				"east": {"uv": [6, 11.75, 9.75, 12], "texture": "#2"},
				"south": {"uv": [7.5, 13.25, 8.25, 13.5], "texture": "#2"},
				"west": {"uv": [6, 11.75, 9.75, 12], "texture": "#2"},
				"up": {"uv": [3.75, 6, 12, 9.75], "texture": "#2"},
				"down": {"uv": [7.5, 13.25, 8.25, 13.5], "texture": "#2"}
			}
		},
		{
			"from": [-0.25, 15.25, 4.75],
			"to": [16.25, 15.75, 11.25],
			"faces": {
				"north": {"uv": [7.5, 13.25, 8.25, 13.5], "texture": "#2"},
				"east": {"uv": [6.25, 12, 9.5, 12.25], "texture": "#2"},
				"south": {"uv": [7.5, 13.25, 8.25, 13.5], "texture": "#2"},
				"west": {"uv": [6.25, 12, 9.5, 12.25], "texture": "#2"},
				"up": {"uv": [0, 0, 16, 6.5], "texture": "#missing"},
				"down": {"uv": [7.5, 13.25, 8.25, 13.5], "texture": "#2"}
			}
		},
		{
			"from": [-0.25, 14.75, 5.25],
			"to": [16.25, 15.25, 10.75],
			"faces": {
				"north": {"uv": [7.5, 13.25, 8.25, 13.5], "texture": "#2"},
				"east": {"uv": [6.5, 12.25, 9.25, 12.5], "texture": "#2"},
				"south": {"uv": [7.5, 13.25, 8.25, 13.5], "texture": "#2"},
				"west": {"uv": [6.5, 12.25, 9.25, 12.5], "texture": "#2"},
				"up": {"uv": [0, 0, 16, 5.5], "texture": "#missing"},
				"down": {"uv": [7.5, 13.25, 8.25, 13.5], "texture": "#2"}
			}
		},
		{
			"from": [-0.25, 14.25, 5.75],
			"to": [16.25, 14.75, 10.25],
			"faces": {
				"north": {"uv": [7.5, 13.25, 8.25, 13.5], "texture": "#2"},
				"east": {"uv": [6.75, 12.5, 9, 12.75], "texture": "#2"},
				"south": {"uv": [7.5, 13.25, 8.25, 13.5], "texture": "#2"},
				"west": {"uv": [6.75, 12.5, 9, 12.75], "texture": "#2"},
				"up": {"uv": [0, 0, 16, 4.5], "texture": "#missing"},
				"down": {"uv": [7.5, 13.25, 8.25, 13.5], "texture": "#2"}
			}
		},
		{
			"from": [-0.25, 13.75, 6.25],
			"to": [16.25, 14.25, 9.75],
			"faces": {
				"north": {"uv": [7.5, 13.25, 8.25, 13.5], "texture": "#2"},
				"east": {"uv": [7, 12.75, 8.75, 13], "texture": "#2"},
				"south": {"uv": [7.5, 13.25, 8.25, 13.5], "texture": "#2"},
				"west": {"uv": [7, 12.75, 8.75, 13], "texture": "#2"},
				"up": {"uv": [0, 0, 16, 3.5], "texture": "#missing"},
				"down": {"uv": [7.5, 13.25, 8.25, 13.5], "texture": "#2"}
			}
		},
		{
			"from": [-0.25, 13.25, 6.75],
			"to": [16.25, 13.75, 9.25],
			"faces": {
				"north": {"uv": [7.5, 13.25, 8.25, 13.5], "texture": "#2"},
				"east": {"uv": [7.25, 13, 8.5, 13.25], "texture": "#2"},
				"south": {"uv": [7.5, 13.25, 8.25, 13.5], "texture": "#2"},
				"west": {"uv": [7.25, 13, 8.5, 13.25], "texture": "#2"},
				"up": {"uv": [0, 0, 16, 2.5], "texture": "#missing"},
				"down": {"uv": [7.5, 13.25, 8.25, 13.5], "texture": "#2"}
			}
		},
		{
			"from": [-0.25, 12.75, 7.25],
			"to": [16.25, 13.25, 8.75],
			"faces": {
				"north": {"uv": [7.5, 13.25, 8.25, 13.5], "texture": "#2"},
				"east": {"uv": [7.5, 13.25, 8.25, 13.5], "texture": "#2"},
				"south": {"uv": [7.5, 13.25, 8.25, 13.5], "texture": "#2"},
				"west": {"uv": [7.5, 13.25, 8.25, 13.5], "texture": "#2"},
				"up": {"uv": [0, 0, 16, 1.5], "texture": "#missing"},
				"down": {"uv": [7.5, 13.25, 8.25, 13.5], "texture": "#2"}
			}
		},
		{
			"from": [0, 0, 0],
			"to": [16, 16, 16],
			"faces": {
				"north": {"uv": [0, 0, 16, 16], "texture": "#0"},
				"east": {"uv": [0, 0, 16, 16], "texture": "#0"},
				"south": {"uv": [0, 0, 16, 16], "texture": "#0"},
				"west": {"uv": [0, 0, 16, 16], "texture": "#0"},
				"up": {"uv": [0, 0, 16, 16], "texture": "#1"},
				"down": {"uv": [0, 0, 16, 16], "texture": "#1"}
			}
		}
	],
	"display": {
		"thirdperson_righthand": {
			"rotation": [75, 45, 0],
			"translation": [0, 2.5, 0],
			"scale": [0.375, 0.375, 0.375]
		},
		"thirdperson_lefthand": {
			"rotation": [75, 45, 0],
			"translation": [0, 2.5, 0],
			"scale": [0.375, 0.375, 0.375]
		},
		"firstperson_righthand": {
			"rotation": [0, 45, 0],
			"scale": [0.4, 0.4, 0.4]
		},
		"firstperson_lefthand": {
			"rotation": [0, 225, 0],
			"scale": [0.4, 0.4, 0.4]
		},
		"ground": {
			"translation": [0, 3, 0],
			"scale": [0.25, 0.25, 0.25]
		},
		"gui": {
			"rotation": [30, 225, 0],
			"scale": [0.625, 0.625, 0.625]
		},
		"fixed": {
			"scale": [0.5, 0.5, 0.5]
		}
	}
}

//Textured by Ichabodt
